HCPCS_CODE,DRUG_DESC,TOTAL_SERVICES,AVG_SUBMITTED_CHARGE,AVG_MEDICARE_PAID,PAYMENT_GAP_PCT,DOLLAR_IMPACT,COST_RISK_TIER,TOTAL_RECALLS,ONGOING_RECALLS,SAFETY_RISK_TIER,COMBINED_RISK_SCORE,AI_EXPLANATION
J3480,"Injection, potassium chloride, per 2 meq",389615.7,3.5357879314999994,0.0858553698,97.57181789566273,1344147.8899795385,High,14,10,High,257.6,"Injection, potassium chloride, per 2 meq is flagged as a risk priority due to a combined risk score of 257.6 and a high cost risk tier with an estimated dollar impact of $1,344,148 and a 97.6% payment gap. The drug also presents significant safety concerns, having 14 FDA recalls with a high worst recall severity, 10 of which are currently ongoing."
J0131,"Injection, acetaminophen, not otherwise specified,10 mg",141918.0,4.0401719303,0.0368127369,99.08883241765241,568148.7300089411,High,32,7,High,229.1,"Injection, acetaminophen, not otherwise specified, 10 mg is flagged as a high cost-risk priority with a combined risk score of 229.1 and an estimated dollar impact of $568,149, driven by a 99.1% payment gap between submitted charges and Medicare payouts. The drug also presents significant safety concerns, having accumulated 32 FDA recalls—with the worst recall severity rated as high—and 7 recalls currently ongoing."
J0136,"Injection, acetaminophen (b braun), not therapeutically equivalent to j0131, 10 mg",7910.0,3.7748874842,0.037670037899999995,99.00208845806213,29561.390000233,High,32,7,High,229.0,"This drug is flagged as a risk priority due to its high cost risk tier, driven by an estimated dollar impact of $29,561 and a 99.0% payment gap between submitted charges and Medicare payouts. Additionally, the drug presents significant safety concerns with a combined risk score of 229.0, 32 total FDA recalls—including a worst recall severity of high—and 7 recalls currently ongoing."
J0137,"Injection, acetaminophen (hikma), not therapeutically equivalent to j0131, 10 mg",1200.0,0.6206666667,0.030708333300000005,95.05236305611963,707.95000008,High,32,7,High,225.1,"Injection, acetaminophen (hikma) is flagged as a risk priority due to a high cost risk tier and a payment gap of 95.1% between submitted charges and what Medicare actually paid, resulting in an estimated dollar impact of $708. Additionally, the drug has a combined risk score of 225.1, driven by 32 FDA recalls—with a worst recall severity of high—and 7 recalls currently ongoing."
J1631,"Injection, haloperidol decanoate, per 50 mg",6645.5,27.24237153,3.7750116619999994,86.14286697528202,155952.340002794,High,8,8,Medium,206.1,"Injection, haloperidol decanoate, per 50 mg is flagged as a high-risk priority due to an 86.1% payment gap between submitted charges and Medicare payouts, resulting in an estimated dollar impact of $155,952 and contributing to a combined risk score of 206.1. Additionally, the drug carries a high cost risk tier and is associated with 8 FDA recalls of medium worst severity, all of which are currently ongoing."
J0737,"Injection, clindamycin phosphate (baxter), not therapeutically equivalent to j0736, 300 mg",304.0,38.994605263171046,1.9844078947144739,94.91107069472332,11251.100000010798,High,9,6,Medium,194.9,"Injection, clindamycin phosphate (baxter) is flagged as a high-risk priority due to its combined risk score of 194.9 and a massive 94.9% payment gap resulting in an estimated dollar impact of $11,251. This drug also carries a significant safety and manufacturing concern with 9 total FDA recalls—6 of which are currently ongoing—featuring a worst recall severity of medium."
J0736,"Injection, clindamycin phosphate, 300 mg",3624.0,24.32043598230436,1.6807533112863138,93.08913165656556,82046.2099997694,High,9,6,Medium,193.1,"Clindamycin phosphate 300 mg injection is flagged as a high-cost risk priority due to a combined risk score of 193.1 and a massive 93.1% payment gap between submitted charges and actual Medicare payouts, resulting in an estimated dollar impact of $82,046. Additionally, the drug carries a significant safety concern with 9 FDA recalls—featuring a medium worst severity—6 of which are currently ongoing."
J2270,"Injection, morphine sulfate, up to 10 mg",8490.0,33.571717314,3.2513651355,90.31516587283987,257419.789995465,High,11,4,High,190.3,"Morphine sulfate injection up to 10 mg is flagged as a high-cost risk priority due to an estimated dollar impact of $257,420 and a 90.3% payment gap between submitted charges and Medicare payouts, yielding a combined risk score of 190.3. This financial concern is compounded by significant safety issues, including 11 FDA recalls with a high worst-recall severity and 4 recalls currently ongoing."
J1885,"Injection, ketorolac tromethamine, per 15 mg",1453428.8,13.23179520771101,0.4816840288130803,96.35964718882309,18531378.790612202,High,11,3,High,186.4,"Ketorolac tromethamine injection is flagged as a high risk priority due to a combined risk score of 186.4, driven by a high cost risk tier and an estimated dollar impact of $18,531,379. This is further compounded by a massive 96.4% payment gap between submitted charges and actual Medicare payouts, alongside 11 FDA recalls with a high severity rating, 3 of which are currently ongoing."
J1944,"Injection, aripiprazole lauroxil, (aristada), 1 mg",133774.0,5.0035480736,1.528379132,69.4540931851116,464887.24999359844,Medium,16,7,Medium,179.5,"This medium-risk drug is flagged due to a combined risk score of 179.5 and a notable payment gap of 69.5% between submitted charges and Medicare payouts, resulting in an estimated dollar impact of $464,887. Safety concerns are driven by 16 FDA recalls—with a worst severity of medium—7 of which are currently ongoing."
J1596,"Injection, glycopyrrolate, 0.1 mg",99.0,29.834949494999996,0.3801010101,98.72598741900434,2916.0300000050997,High,14,4,Medium,178.7,"Injection glycopyrrolate 0.1 mg is flagged as a high cost-risk priority due to a 98.7% payment gap between submitted charges and Medicare payouts, resulting in an estimated dollar impact of $2,916. Additionally, the drug carries a combined risk score of 178.7, driven by 14 total FDA recalls—including 4 currently ongoing—with a worst recall severity of medium."
J0461,"Injection, atropine sulfate, 0.01 mg",2230008.0,1.8035369425,0.0651136588,96.38966869679189,3876697.8300372697,High,4,2,High,176.4,"Injection, atropine sulfate, 0.01 mg is flagged as a high cost-risk priority with a combined risk score of 176.4 and an estimated dollar impact of $3,876,698. The drug shows a 96.4% payment gap between submitted charges and Medicare payouts. Additionally, it carries a high-severity worst recall classification among its 4 total FDA recalls, with 2 of those recalls currently ongoing."
J0401,"Injection, aripiprazole (abilify maintena), 1 mg",213324.0,8.0272879751,2.8016920272,65.0979006123784,1114745.0299898197,Medium,16,7,Medium,175.1,"Injection, aripiprazole (abilify maintena), 1 mg is flagged as a risk priority with a combined risk score of 175.1 and a medium cost risk tier, resulting in an estimated dollar impact of $1,114,745 alongside a 65.1% payment gap between submitted charges and Medicare payments. The drug also presents significant safety concerns, having 16 FDA recalls with a medium worst recall severity, 7 of which are currently ongoing."
J2795,"Injection, ropivacaine hydrochloride, 1 mg",712075.0,0.9970929044999999,0.051913717000000005,94.79349248543369,673038.4699390624,High,2,2,High,174.8,"Injection, ropivacaine hydrochloride, 1 mg is flagged as a high-risk priority with a combined risk score of 174.8 and a high cost risk tier, driven by an estimated dollar impact of $673,038 and a 94.8% payment gap between submitted charges and Medicare payments. Additionally, the drug carries a high-severity risk due to 2 FDA recalls, both of which are currently ongoing."
J2272,"Injection, morphine sulfate (fresenius kabi), not therapeutically equivalent to j2270, up to 10 mg",186.0,18.907473118,4.8401612903,74.40080300475401,2616.5199999521997,Medium,11,4,High,174.4,"This morphine sulfate injection is flagged as a risk priority due to its medium cost risk tier, backed by an estimated dollar impact of $2,617 and a substantial payment gap of 74.4% between submitted charges and Medicare payouts. Additionally, the drug carries a combined risk score of 174.4, driven by 11 FDA recalls with a worst severity of High, including 4 recalls that are currently ongoing."
J3121,"Injection, testosterone enanthate, 1 mg",444364.5,0.5155427583,0.0348930439,93.23178468939034,213583.67001449878,High,10,4,Medium,173.2,"Injection, testosterone enanthate, 1 mg is flagged as a high-risk priority with a combined risk score of 173.2, driven by an estimated dollar impact of $213,584 and a 93.2% payment gap between submitted charges and Medicare payouts. Additionally, the drug carries a safety concern with 10 FDA recalls—of which 4 are currently ongoing—featuring a worst recall severity of medium."
J0402,"Injection, aripiprazole (abilify asimtufii), 1 mg",11301.0,5.3058455004,1.9699486771,62.87210630329344,37698.9700001133,Medium,16,7,Medium,172.9,"This drug is flagged as a risk priority due to a combined risk score of 172.9 and a medium cost risk tier driven by an estimated dollar impact of $37,699 alongside a 62.9% payment gap between submitted charges and Medicare payouts. Additionally, it presents significant safety concerns with 16 total FDA recalls—including a medium worst recall severity—and 7 recalls currently ongoing."
J1642,"Injection, heparin sodium, (heparin lock flush), per 10 units",386515.0,1.6523787692999998,0.012441069599999998,99.24708124849181,633860.5199995454,High,3,1,High,169.2,"Injection, heparin sodium (heparin lock flush), per 10 units is flagged as a high cost-risk priority due to a 99.2% payment gap between submitted charges and actual Medicare payments, resulting in an estimated dollar impact of $633,861. The drug also presents significant safety concerns, having accumulated 3 FDA recalls—including a worst severity rating of high—with 1 recall currently ongoing, contributing to a combined risk score of 169.2."
J2274,"Injection, morphine sulfate, preservative-free for epidural or intrathecal use, 10 mg",150983.0,26.807757562,8.5232852043,68.20590015935626,2760644.4899826185,Medium,11,4,High,168.2,"This morphine sulfate injection is flagged as a risk priority due to a combined risk score of 168.2 and a medium cost risk tier, driven by an estimated dollar impact of $2,760,644 and a payment gap of 68.2% between submitted charges and Medicare payments. Additionally, the drug presents significant safety concerns with 11 FDA recalls—the worst of which had high severity—and 4 recalls that are currently ongoing."
J2800,"Injection, methocarbamol, up to 10 ml",1089.0,40.180945822,4.7959412305,88.06414052136596,38534.2700001435,High,2,2,High,168.1,"Methocarbamol injection (up to 10 ml) is flagged as a high-risk priority due to a large payment gap of 88.1% between submitted charges and actual Medicare payments, resulting in an estimated dollar impact of $38,534. The drug currently carries two ongoing FDA recalls, with the worst recall severity rated as high."
J2305,"Injection, nitroglycerin, 5 mg",716.8,24.998674664999996,1.0306780134,95.87706937582965,17180.259999866877,High,5,3,Medium,165.9,"Injection, nitroglycerin, 5 mg is flagged as a risk priority due to its high cost risk tier and a combined risk score of 165.9, driven by an estimated dollar impact of $17,180 and a 95.9% payment gap between submitted charges and Medicare payouts. Additionally, the drug has a history of 5 FDA recalls with a medium worst severity, and 3 of these recalls are currently ongoing."
J1644,"Injection, heparin sodium, per 1000 units",479742.0,4.2492564128,0.1850624294,95.64482790818323,1949764.5499842828,High,3,1,High,165.6,"Heparin sodium injection is flagged as a high-risk priority with a combined risk score of 165.6, driven by a massive payment gap of 95.6% between submitted charges and actual Medicare payouts totaling an estimated $1,949,765. Additionally, the drug carries a high cost risk tier and a concerning safety profile featuring 3 FDA recalls of high severity, with 1 recall currently ongoing."
J7626,"Budesonide, inhalation solution, fda-approved final product, non-compounded, administered through dme, unit dose form, up to 0.5 mg",1837.0,13.738356015,0.814011976,94.07489531417562,23742.019999643002,High,4,3,Medium,164.1,"Budesonide inhalation solution is flagged as a high-cost risk priority with a combined risk score of 164.1 and an estimated dollar impact of $23,742, alongside a 94.1% payment gap between submitted charges and Medicare payouts. The drug also presents significant safety concerns, having accumulated 4 FDA recalls with a medium worst recall severity, 3 of which are currently ongoing."
J1756,"Injection, iron sucrose, 1 mg",13690361.0,2.323966406,0.16992018469999998,92.68835451918318,29489670.380282886,High,3,3,Medium,162.7,"Injection, iron sucrose, 1 mg is flagged as a high-risk priority due to its estimated dollar impact of $29,489,670 and a substantial payment gap of 92.7% between submitted charges and Medicare payouts. The drug also presents significant safety concerns, with a combined risk score of 162.7, driven by 3 FDA recalls of medium worst severity, all of which are currently ongoing."
Q2050,"Injection, doxorubicin hydrochloride, liposomal, not otherwise specified, 10 mg",33348.6,1042.5242127,90.437106205,91.32517930007785,31750772.079659153,High,3,1,High,161.3,"This liposomal doxorubicin hydrochloride injection is flagged as a high cost-risk priority due to an estimated dollar impact of $31,750,772 and a 91.3% payment gap between submitted charges and Medicare payouts. Compounding this financial risk, the drug carries a combined risk score of 161.3 driven by 3 FDA recalls, a high worst-recall severity, and 1 currently ongoing recall."
J0744,"Injection, ciprofloxacin for intravenous infusion, 200 mg",1329.0,15.653115124,1.4315951843,90.85424739446898,18900.399999861296,High,3,3,Medium,160.9,"Ciprofloxacin for intravenous infusion (200 mg) is flagged as a high cost-risk priority due to an estimated dollar impact of $18,900 and a payment gap of 90.9% between submitted charges and what Medicare actually paid. This risk is further compounded by a combined risk score of 160.9, driven by 3 FDA recalls of medium worst severity, all of which are currently ongoing."
J9000,"Injection, doxorubicin hydrochloride, 10 mg",165670.0,28.114988109,2.6179668015,90.68835885204606,4224091.520013525,High,3,1,High,160.7,"The Injection, doxorubicin hydrochloride, 10 mg is flagged as a high cost risk tier due to a massive payment gap of 90.7% between submitted charges and what Medicare actually paid, resulting in an estimated dollar impact of $4,224,092. Compounding this financial risk, the drug carries a combined risk score of 160.7, driven by 3 FDA recalls with a worst recall severity of high, including 1 recall that is currently ongoing."
J2001,"Injection, lidocaine hcl for intravenous infusion, 10 mg",190442.0,8.495005145877423,0.01993809136257233,99.76529630035306,1614008.719995917,High,1,0,High,159.8,"This intravenous lidocaine injection is flagged as a high-risk priority due to a combined risk score of 159.8, driven by a high cost risk tier with an estimated dollar impact of $1,614,009 and a massive 99.8% payment gap between submitted charges and actual Medicare payouts. Additionally, the drug carries safety concerns reflected by 1 FDA recall with a high worst-case severity, though currently there are 0 ongoing recalls."
J2002,"Injection, lidocaine hcl in 5% dextrose, 1 mg",32817.0,1.1058957248,0.0029960082,99.72908764065058,36193.8599996622,High,1,0,High,159.7,"This lidocaine injection is flagged as a high-risk priority due to an estimated dollar impact of $36,194 and a large payment gap of 99.7% between submitted charges and what Medicare actually paid. Additionally, the drug carries a combined risk score of 159.7 and has a history of 1 high-severity FDA recall, despite currently having zero ongoing recalls."
J1380,"Injection, estradiol valerate, up to 10 mg",4637.0,26.851039465,5.4776924736,79.59970048556181,99108.2099991218,High,21,4,Medium,159.6,"Estradiol valerate injection is flagged as a high-risk priority due to a 79.6% payment gap between submitted charges and what Medicare actually paid, resulting in an estimated dollar impact of $99,108. The drug also presents significant safety and quality concerns, having accumulated 21 FDA recalls—including a medium worst-recall severity—with 4 of those recalls currently ongoing."
J3465,"Injection, voriconazole, 10 mg",199.0,102.15819094999999,0.6488944724,99.36481405321909,20200.3499990424,High,4,2,Medium,159.4,"Injection, voriconazole, 10 mg is flagged as a high cost-risk priority with a combined risk score of 159.4 and an estimated dollar impact of $20,200 alongside a 99.4% payment gap between submitted charges and Medicare payouts. Additionally, the drug carries a safety concern with 4 FDA recalls—2 of which are currently ongoing—featuring a worst recall severity of medium."
J2704,"Injection, propofol, 10 mg",768678.0,11.121977564498819,0.08111867392013365,99.27064522968412,8486865.330292242,High,4,0,High,159.3,"Injection, propofol, 10 mg is flagged as a high-risk priority due to a combined risk score of 159.3 and an estimated dollar impact of $8,486,865, alongside a massive payment gap of 99.3% between submitted charges and Medicare payouts. Furthermore, the drug carries a high cost risk tier and has been subject to 4 FDA recalls, with the worst recall severity classified as high, though currently there are 0 ongoing recalls."
J0132,"Injection, acetylcysteine, 100 mg",1097.0,33.505141294,0.4835916135,98.55666445559325,36224.639999508494,High,2,2,Medium,158.6,"Injection, acetylcysteine, 100 mg is flagged as a high-risk priority with a combined risk score of 158.6 and an estimated dollar impact of $36,225, driven by a 98.6% payment gap between submitted charges and Medicare payouts. Additionally, the drug carries a risk due to 2 FDA recalls—with a worst severity of medium—both of which are currently ongoing."
J1100,"Injection, dexamethasone sodium phosphate, 1 mg",16659629.7,4.577623922778426,0.08549096020503322,98.1324162568352,74837271.7196367,High,2,2,Medium,158.1,"Injection, dexamethasone sodium phosphate, 1 mg is flagged as a high-risk priority with a combined risk score of 158.1 and an estimated dollar impact of $74,837,272. The drug features a significant payment gap of 98.1% between submitted charges and actual Medicare payments. Additionally, it carries a safety concern with 2 ongoing FDA recalls of medium worst recall severity."
J0171,"Injection, adrenalin, epinephrine, 0.1 mg",6874.0,18.409151877,0.5847381437,96.82365517104262,122525.02000270419,High,12,2,Medium,156.8,"Injection, adrenalin, epinephrine, 0.1 mg is flagged as a high-cost risk priority with a combined risk score of 156.8 and an estimated dollar impact of $122,525, driven by a 96.8% payment gap between submitted charges and Medicare payouts. Safety concerns are heightened by 12 FDA recalls—with a worst severity of medium and 2 recalls currently ongoing."
J1940,"Injection, furosemide, up to 20 mg",55558.6,11.197331106,0.391807209,96.50088753033253,600339.7799838642,High,2,2,Medium,156.5,"Furosemide injection (up to 20 mg) is flagged as a high-cost-risk priority due to an estimated dollar impact of $600,340 and a massive payment gap of 96.5% between submitted charges and what Medicare actually paid, resulting in a combined risk score of 156.5. Additionally, the drug carries a safety concern with 2 ongoing FDA recalls of medium worst-case severity."
J9040,"Injection, bleomycin sulfate, 15 units",2246.0,125.66444791000002,17.243401603,86.2782179926103,243513.67000552206,High,2,1,High,156.3,"Injection, bleomycin sulfate, 15 units is flagged as a high-risk priority due to its significant payment gap of 86.3% between submitted charges and Medicare payouts, resulting in an estimated dollar impact of $243,514. The drug also presents severe safety concerns, featuring 2 FDA recalls—with the worst severity rated as high—and 1 recall that is currently ongoing, contributing to a high combined risk score of 156.3."
J2675,"Injection, progesterone, per 50 mg",1003.0,14.434905284,0.5561615155,96.14710658256648,13920.3799998055,High,3,2,Medium,156.1,"Progesterone injection is flagged as a high-risk priority due to a combined risk score of 156.1, driven by an estimated dollar impact of $13,920 and a substantial payment gap of 96.1% between submitted charges and Medicare payouts. Additionally, the drug has a history of 3 FDA recalls with a medium worst severity, and 2 of those recalls are currently ongoing."
J3430,"Injection, phytonadione (vitamin k), per 1 mg",2022.0,14.476290801,2.0753066271,85.66409962587488,25074.7899996258,High,3,1,High,155.7,"Phytonadione (vitamin K) injection is flagged as a high-risk priority with a combined risk score of 155.7 due to a significant payment gap of 85.7% between submitted charges and Medicare payouts, resulting in an estimated dollar impact of $25,075. Additionally, the drug has a high cost risk tier and a history of 3 FDA recalls, including 1 with high severity that is currently ongoing."
J0592,"Injection, buprenorphine hydrochloride, 0.1 mg",71.0,19.901408451,2.8377464789,85.74097664551269,1211.5200000191,High,7,3,Medium,155.7,"Injection, buprenorphine hydrochloride, 0.1 mg is flagged as a risk priority with a high cost risk tier and a combined risk score of 155.7, driven by an estimated dollar impact of $1,212 and an 85.7% payment gap between submitted charges and Medicare payouts. Additionally, the drug has a history of 7 FDA recalls with a medium worst severity, and 3 of those recalls are currently ongoing."
J0873,"Injection, daptomycin (xellia), not therapeutically equivalent to j0878 or j0872, 1 mg",721123.0,0.6550899084,0.0318179146,95.14296981345468,449455.7699850374,High,3,0,High,155.1,"This daptomycin injection is flagged as a high cost-risk priority with a combined risk score of 155.1 and an estimated dollar impact of $449,456. It features a 95.1% payment gap between submitted charges and actual Medicare payments. Additionally, the drug carries a history of 3 FDA recalls, with the worst recall severity rated as high, though currently there are 0 ongoing recalls."
J2506,"Injection, pegfilgrastim, excludes biosimilar, 0.5 mg",138840.0,1039.1253451,51.76430229,95.01847370636327,137085207.1837404,High,2,2,Medium,155.0,"Injection, pegfilgrastim is flagged as a high-risk priority with a combined risk score of 155.0 and an estimated dollar impact of $137,085,207. This high cost risk tier is further compounded by a 95.0% payment gap between submitted charges and what Medicare actually paid. Additionally, the drug carries safety concerns indicated by 2 FDA recalls—both of which currently ongoing—with a worst recall severity of medium."
J0878,"Injection, daptomycin, 1 mg",36229521.5,0.7356536031,0.0417151999,94.32950511977177,25141056.29841007,High,3,0,High,154.3,"Daptomycin injection (1 mg) is flagged as a high-risk priority with a combined risk score of 154.3 due to an estimated dollar impact of $25,141,056 and a 94.3% payment gap between submitted charges and Medicare payouts. Additionally, the drug has a high worst recall severity and a history of 3 FDA recalls, though none are currently ongoing."
Q5111,"Injection, pegfilgrastim-cbqv (udenyca), biosimilar, 0.5 mg",229852.0,682.60256796,110.19954297,83.855972985959,131567980.10000147,High,1,1,High,153.9,"This drug is flagged as a high-risk priority with a combined risk score of 153.9 and an estimated dollar impact of $131,567,980. It carries a high-severity FDA recall that is currently ongoing, alongside a significant payment gap of 83.9% between submitted charges and what Medicare actually paid."
J3420,"Injection, vitamin b-12 cyanocobalamin, up to 1000 mcg",1551772.5,14.014341689506024,0.8785836905724447,93.73082439376849,20383708.02940016,High,4,2,Medium,153.7,"Injection vitamin b-12 cyanocobalamin (up to 1000 mcg) is flagged as a high-risk priority with a combined risk score of 153.7 and an estimated dollar impact of $20,383,708. This is driven by a significant 93.7% payment gap between submitted charges and what Medicare actually paid, alongside a history of 4 FDA recalls, including 2 recalls that are currently ongoing and a worst recall severity of medium."
J1201,"Injection, cetirizine hydrochloride, 0.5 mg",54162.0,31.835968945,11.582226284,63.619055213901234,1096983.210005082,Medium,5,3,High,153.6,"Cetirizine hydrochloride injection (0.5 mg) is flagged as a risk priority due to a combined risk score of 153.6, a medium cost risk tier, and an estimated dollar impact of $1,096,983 alongside a 63.6% payment gap. Additionally, the drug has a high worst recall severity with 5 total FDA recalls, 3 of which are currently ongoing."
J2540,"Injection, penicillin g potassium, up to 600,000 units",19829.0,4.0008593474,0.669655555,83.26220701971984,66054.43999949959,High,1,1,High,153.3,"Injection, penicillin g potassium, up to 600,000 units is flagged as a high-risk priority with a combined risk score of 153.3 and an estimated dollar impact of $66,054. This drug features a payment gap of 83.3% between submitted charges and actual Medicare payments, alongside 1 high-severity FDA recall that is currently ongoing."
Q5122,"Injection, pegfilgrastim-apgf (nyvepria), biosimilar, 0.5 mg",89507.0,722.01801155,55.128140145,92.36471400115725,59691311.71984734,High,2,2,Medium,152.4,"Injection, pegfilgrastim-apgf (nyvepria) is a high-risk priority due to a combined risk score of 152.4 and an estimated dollar impact of $59,691,312, driven by a 92.4% payment gap between submitted charges and Medicare payouts. Additionally, the drug carries a high cost risk tier and is currently facing 2 ongoing FDA recalls of medium worst severity."
J0133,"Injection, acyclovir, 5 mg",34232.0,0.4889206006,0.0391575134,91.9910281235959,15396.290001030398,High,5,0,High,152.0,"Injection, acyclovir, 5 mg is flagged as a high-risk priority due to a combined risk score of 152.0 and a high cost risk tier driven by an estimated dollar impact of $15,396 and a 92.0% payment gap between submitted charges and Medicare payouts. Additionally, the drug carries a safety concern with 5 FDA recalls, the worst of which reached high severity, though currently 0 recalls are ongoing."
J0278,"Injection, amikacin sulfate, 100 mg",35386.0,7.4536986379000005,0.6136932685,91.76659403186036,242040.4300015884,High,1,0,High,151.8,"Amikacin sulfate injection (100 mg) is flagged as a high-cost risk priority with a combined risk score of 151.8 and a payment gap of 91.8% between submitted charges and actual Medicare payouts, resulting in an estimated dollar impact of $242,040. Although it currently has no ongoing recalls, the drug carries a history of 1 FDA recall with a worst recall severity rating of high."
J1643,"Injection, heparin sodium (pfizer), not therapeutically equivalent to j1644, per 1000 units",128.0,15.708125,2.882968750040625,81.6466398756018,1641.6199999948,High,3,1,High,151.6,
J1010,"Injection, methylprednisolone acetate, 1 mg",81048043.4,1.074130776903623,0.0996539659382361,90.72236192454082,78979438.86741628,High,4,2,Medium,150.7,
J0670,"Injection, mepivacaine hydrochloride, per 10 ml",4468.0,8.6260787825,2.5675537153,70.2349841679063,27069.490000249603,Medium,5,4,Medium,150.2,
Q5101,"Injection, filgrastim-sndz, biosimilar, (zarxio), 1 microgram",7758234.5,2.500965382,0.2561905547,89.7563334325273,17415489.509890404,High,2,2,Medium,149.8,
J2310,"Injection, naloxone hydrochloride, per 1 mg",116.0,56.452672414,6.030344827599999,89.31787536402882,5848.990000022401,High,2,0,High,149.3,
J1920,"Injection, labetalol hydrochloride, 5 mg",1770.0,12.957661017042035,0.15559887003966102,98.79917471343774,22659.6500001942,High,2,1,Medium,148.8,
J9201,"Injection, gemcitabine hydrochloride, not otherwise specified, 200 mg",581823.0,150.70807405348822,2.5765436739365786,98.2903744937898,86186331.40002187,High,1,1,Medium,148.3,
J2599,"Injection, vasopressin (american regent), not therapeutically equivalent to j2598, 1 unit",207.0,15.18,0.3264251208,97.84963688537549,3074.6899999944,High,2,1,Medium,147.8,
J0173,"Injection, epinephrine (belcher), not therapeutically equivalent to j0171, 0.1 mg",994.0,11.899114688037727,1.4790040241648894,87.57047004806378,10357.5899998896,High,12,2,Medium,147.6,
Q5110,"Injection, filgrastim-aafi, biosimilar, (nivestym), 1 microgram",13623821.0,1.7328334547,0.215198408,87.58112573275216,20675988.21956744,High,2,2,Medium,147.6,
J0872,"Injection, daptomycin (xellia), unrefrigerated, not therapeutically equivalent to j0878 or j0873, 1 mg",3991416.0,1.4639491799,0.1840135556,87.43033172691352,5108755.529801008,High,3,0,High,147.4,
J1650,"Injection, enoxaparin sodium, 10 mg",15448.0,12.75090303,0.4546238995,96.43457488124275,189952.920007964,High,2,1,Medium,146.4,
J1071,"Injection, testosterone cypionate, 1 mg",54294281.1,0.44787975840000005,0.0166584795,96.28059112126198,23412849.332898103,High,14,1,Medium,146.3,
J2785,"Injection, regadenoson, 0.1 mg",2260631.4,140.61935998801613,5.331751576119499,96.2083801429804,305835415.60683763,High,1,1,Medium,146.2,
J9190,"Injection, fluorouracil, 500 mg",1069256.8,16.113612249141134,2.271815573221163,85.90126448312512,14800435.219944825,High,1,0,High,145.9,
Q5103,"Injection, infliximab-dyyb, biosimilar, (inflectra), 10 mg",294270.0,158.74003082,9.0130762565,94.32211508972163,44060150.91940114,High,1,1,Medium,144.3,
J1040,"Injection, methylprednisolone acetate, 80 mg",201270.2,37.45678957897757,5.889822437683362,84.27568805579378,6353489.789921714,High,4,2,Medium,144.3,
J7042,5% dextrose/normal saline (500 ml = 1 unit),9407.0,16.224207505,0.9386913999999998,94.21425422652716,143790.849999735,High,1,1,Medium,144.2,
J2765,"Injection, metoclopramide hcl, up to 10 mg",3541.0,11.998305563,0.7582236656,93.68057713133939,39801.1299986934,High,5,1,Medium,143.7,
J7060,5% dextrose/water (500 ml = 1 unit),29369.0,21.091999728,1.3952827812,93.38477717052245,578472.8800105692,High,1,1,Medium,143.4,
J1030,"Injection, methylprednisolone acetate, 40 mg",376370.3,23.65720964141815,3.968701356055086,83.22413582916037,7410169.769914581,High,4,2,Medium,143.2,
J2598,"Injection, vasopressin, 1 unit",289.0,20.560276817,1.4088581315,93.14766944025236,5534.7600001095,High,2,1,Medium,143.1,
J3145,"Injection, testosterone undecanoate, 1 mg",9941714.0,3.9745100714,1.4750798414,62.88649884134245,24848620.50961422,Medium,10,4,Medium,142.9,
J3301,"Injection, triamcinolone acetonide, not otherwise specified, 10 mg",18042461.0,9.925507254766915,0.7240912750411284,92.70474287655807,166016188.95897928,High,4,1,Medium,142.7,
Q5108,"Injection, pegfilgrastim-jmdb (fulphila), biosimilar, 0.5 mg",253364.0,625.88711628,110.99639278,82.26574890377772,130454773.268854,High,2,2,Medium,142.3,
Q5125,"Injection, filgrastim-ayow, biosimilar, (releuko), 1 microgram",8044673.0,2.0385280123,0.3752569744,81.59176758250132,13380471.610276107,High,2,2,Medium,141.6,
J1447,"Injection, tbo-filgrastim, 1 microgram",1287521.0,3.4981059182999994,0.3142106342,91.01769238729342,4099332.040079715,High,1,1,Medium,141.0,
J2060,"Injection, lorazepam, 2 mg",9984.5,10.101674596,0.9055435926,91.03570814923528,91818.77000344731,High,5,1,Medium,141.0,
J9073,"Injection, cyclophosphamide (ingenus), 5 mg",2161399.0,6.8451589272,0.7051075438,89.69917935728013,13271100.920029378,High,1,1,Medium,139.7,
J1953,"Injection, levetiracetam, 10 mg",6584.0,5.6813927704,0.046559842,99.18048542176882,37099.740000585596,High,2,0,Medium,139.2,
J2020,"Injection, linezolid, 200 mg",347.0,240.31207493,2.4132853026,98.99577026942863,82550.8800007078,High,1,0,Medium,139.0,
J2405,"Injection, ondansetron hydrochloride, per 1 mg",1875351.0,6.574107908300001,0.0726256578,98.89527736975069,12192561.239957428,High,3,0,Medium,138.9,
J0583,"Injection, bivalirudin, 1 mg",3650.0,13.52630137,0.1704657534,98.73974600493469,48748.80000059,High,1,0,Medium,138.7,
J9070,"Cyclophosphamide, 100 mg",79183.9,137.55313239,15.506186232,88.72712968248821,9664153.179880455,High,1,1,Medium,138.7,
J7620,"Albuterol, up to 2.5 mg and ipratropium bromide, up to 0.5 mg, fda-approved final product, non-compounded, administered through dme",98328.0,8.2226962818,0.1292179237,98.42852126271512,795815.5399952567,High,1,0,Medium,138.4,
J9075,"Injection, cyclophosphamide, not otherwise specified, 5 mg",1928499.0,6.628526729900001,0.789600648,88.08784093095281,11260363.110018069,High,1,1,Medium,138.1,
J9171,"Injection, docetaxel, 1 mg",3891468.5,27.901375558,0.6799410814,97.5630553411728,105931354.79050289,High,2,0,Medium,137.6,
J1580,"Injection, garamycin, gentamicin, up to 80 mg",82864.5,15.264177663485539,1.9091285170065888,87.49275225239586,1106659.4699984048,High,1,1,Medium,137.5,
J1020,"Injection, methylprednisolone acetate, 20 mg",40745.0,20.336919622,4.5665242361,77.54564446839805,642564.7599984955,High,4,2,Medium,137.5,
J7644,"Ipratropium bromide, inhalation solution, fda-approved final product, non-compounded, administered through dme, unit dose form, per milligram",15115.3,8.901423723,0.2304413409,97.41118558029574,131064.50000015613,High,1,0,Medium,137.4,
J1453,"Injection, fosaprepitant, 1 mg",15783511.0,4.1075701566,0.1106423539,97.30637944863288,63085553.94012128,High,2,0,Medium,137.3,
J0289,"Injection, amphotericin b liposome, 10 mg",3072.0,151.66103516,19.616009115,87.06588736236344,405642.3200102401,High,1,1,Medium,137.1,
J0456,"Injection, azithromycin, 500 mg",817.0,50.94097919200001,1.7146756426000003,96.63399551834826,40217.889999859806,High,1,0,Medium,136.6,
J9025,"Injection, azacitidine, 1 mg",16562232.0,8.3634006968,0.292523457,96.50233837161569,133671741.28908724,High,4,0,Medium,136.5,
J1956,"Injection, levofloxacin, 250 mg",6250.0,21.187736,0.7585488,96.41986855037273,127682.42000000001,High,6,0,Medium,136.4,
J9395,"Injection, fulvestrant, 25 mg",1108110.0,158.07575512,6.1602238045,96.10299264436625,168339119.4060187,High,2,0,Medium,136.1,
J1630,"Injection, haloperidol, up to 5 mg",155.0,19.760258065,0.7816129032,96.04452077179894,2941.690000079,High,1,0,Medium,136.0,
J0689,"Injection, cefazolin sodium (baxter), not therapeutically equivalent to j0690, 500 mg",1758.0,23.17754835059079,0.9333447099230945,95.97306541742452,39105.31000029381,High,2,0,Medium,136.0,
J9071,"Injection, cyclophosphamide (auromedics), 5 mg",632254.0,7.8245109086,1.1454770551,85.36040056074312,4222845.870010789,High,1,1,Medium,135.4,
J1652,"Injection, fondaparinux sodium, 0.5 mg",2106.0,15.935451092,0.7842117759,95.07882286248116,31908.5099997066,High,1,0,Medium,135.1,
J0690,"Injection, cefazolin sodium, 500 mg",95411.2,12.284659348043418,0.6151031535193386,94.99291648150336,1113406.3599869758,High,2,0,Medium,135.0,
Q5130,"Injection, pegfilgrastim-pbbk (fylnetra), biosimilar, 0.5 mg",69838.0,604.63083336,152.94404293,74.70455780760085,31544902.070050336,Medium,2,2,Medium,134.7,
J1442,"Injection, filgrastim (g-csf), excludes biosimilars, 1 microgram",3963781.0,3.022959611,0.7688889472,74.56502745183387,8934642.469827829,Medium,2,2,Medium,134.6,
J2372,"Injection, phenylephrine hydrochloride (biorphen), 20 micrograms",658.0,2.0,0.1149392097,94.253039515,1240.3700000174001,High,1,0,Medium,134.3,
J3010,"Injection, fentanyl citrate, 0.1 mg",164492.1,11.021948956328105,0.7073449120367923,93.58239713466756,1696670.879913971,High,1,0,Medium,133.6,
J0290,"Injection, ampicillin sodium, 500 mg",11111.0,10.782105121,0.7058680587,93.45333725855444,111957.06999921531,High,1,0,Medium,133.5,
J9060,"Injection, cisplatin, powder or solution, 10 mg",218012.0,39.252706686,2.6091014256,93.35306620643674,7988745.670030325,High,1,0,Medium,133.4,
J1250,"Injection, dobutamine hydrochloride, per 250 mg",3818.0,39.322836564,6.6683106338,83.04214238729455,124674.9800015036,High,1,1,Medium,133.0,
J1110,"Injection, dihydroergotamine mesylate, per 1 mg",319.0,159.40100313,27.314984326,82.86398216470245,42135.439998475995,High,1,1,Medium,132.9,
J0688,"Injection, cefazolin sodium (hikma), not therapeutically equivalent to j0690, 500 mg",264.0,8.2422727273,0.5912121212,92.82707402726689,2019.8800000104,High,2,0,Medium,132.8,
Q5127,"Injection, pegfilgrastim-fpgk (stimufend), biosimilar, 0.5 mg",142305.0,931.64907537,257.33668135,72.37836776172402,95958025.23101611,Medium,2,2,Medium,132.4,
J0295,"Injection, ampicillin sodium/sulbactam sodium, per 1.5 gm",6227.0,17.621821102,1.4433338686000001,91.80939438525914,100743.44000238179,High,1,0,Medium,131.8,
J0248,"Injection, remdesivir, 1 mg",296833.0,16.762967561,4.8272115971,71.20312033335445,3542926.2500323285,Medium,2,0,High,131.2,
J1200,"Injection, diphenhydramine hcl, up to 50 mg",467907.5,7.0050981016223375,0.6324218782826564,90.97197685017157,2981822.999972312,High,1,0,Medium,131.0,
J9196,"Injection, gemcitabine hydrochloride (accord), not therapeutically equivalent to j9201, 200 mg",137751.0,31.958422952,6.0878559139,80.9506998419676,3563696.480065313,High,1,1,Medium,131.0,
J0185,"Injection, aprepitant, 1 mg",9212238.0,7.0290491822,1.3346501523,81.01236571683408,52458159.130407915,High,3,1,Medium,131.0,
J1611,"Injection, glucagon hydrochloride (fresenius kabi), not therapeutically equivalent to j1610, per 1 mg",6115.0,494.83666885,95.735252657,80.65316119771629,2440505.1600201954,High,1,1,Medium,130.7,
J7402,"Mometasone furoate sinus implant, (sinuva), 10 micrograms",13504.0,29.626973489150178,8.881586937205391,70.02195671300021,280145.6999974624,Medium,6,2,Medium,130.0,
J7512,"Prednisone, immediate release or delayed release, oral, 1 mg",484.0,1.2632231405,0.1370041322,89.1543997408271,545.0900000172,High,2,0,Medium,129.2,
J2280,"Injection, moxifloxacin, 100 mg",5668.0,62.56657727569108,6.876564925942572,89.00920391466848,315650.98999837454,High,5,0,Medium,129.0,
J1000,"Injection, depo-estradiol cypionate, up to 5 mg",3802.0,42.067853761,21.506562336,48.87649258698773,78174.02999785001,Medium,21,4,Medium,128.9,
J1610,"Injection, glucagon hydrochloride, per 1 mg",5813.0,680.9274591410116,146.59584723431792,78.47115059521197,3106069.66001361,High,1,1,Medium,128.5,
J1939,"Injection, bumetanide, 0.5 mg",5985.0,4.0993751044,0.4912531328,88.0163898084681,21594.610000026,High,2,0,Medium,128.0,
J9394,"Injection, fulvestrant (fresenius kabi) not therapeutically equivalent to j9395, 25 mg",49899.0,211.19876992,26.73958897,87.33913602805136,9204328.67022405,High,2,0,Medium,127.3,
J3260,"Injection, tobramycin sulfate, up to 80 mg",28258.7,14.561704537,1.8591725734,87.23245229515537,358957.03999978333,High,1,0,Medium,127.2,
J0476,"Injection, baclofen, 50 mcg for intrathecal trial",79.0,153.62379747,35.139873418,77.12602214193917,9360.230000108,High,1,1,Medium,127.1,
J1570,"Injection, ganciclovir sodium, 500 mg",147.0,159.93571429,21.291020408,86.68776357893739,20380.770000653996,High,1,0,Medium,126.7,
J9250,"Methotrexate sodium, 5 mg",20813.0,5.4444034978,0.20821601879999999,96.17559538186072,108980.770000427,High,1,1,Low,126.2,
J0735,"Injection, clonidine hydrochloride, 1 mg",6654.0,88.625871656,12.344138864,86.07163051449176,507578.649997968,High,4,0,Medium,126.1,
J2357,"Injection, omalizumab, 5 mg",7268072.0,85.775270692,29.33383016,65.80153006414717,410220453.5702943,Medium,3,2,Medium,125.8,
J0717,"Injection, certolizumab pegol, 1 mg (code may be used for medicare when drug administered under the direct supervision of a physician, not for use when drug is self administered)",76978737.0,14.465350288,3.5981746675,75.12556145643474,836541454.0232812,High,1,1,Medium,125.1,
J2597,"Injection, desmopressin acetate, per 1 mcg",5135.0,29.237037974999996,4.3942667965,84.9702052572581,127567.63000159747,High,1,0,Medium,125.0,
J0475,"Injection, baclofen, 10 mg",56773.0,503.38274585,132.17140859,73.7433573797174,21074781.25026198,Medium,1,1,Medium,123.7,
J1921,"Injection, labetalol hydrochloride (hikma), not therapeutically equivalent to j1920, 5 mg",113.0,4.3048672566,1.1776106195,72.64467057155947,353.37999999229993,Medium,2,1,Medium,122.6,
J3473,"Injection, hyaluronidase, recombinant, 1 usp unit",151437.0,1.3811649069,0.24297635319999997,82.40786802603057,172363.86000666692,High,1,0,Medium,122.4,
Q9992,"Injection, buprenorphine extended-release (sublocade), greater than 100 mg",336.0,2565.928125,716.10863095,72.09163327791966,621539.3500007999,Medium,3,1,Medium,122.1,
J1120,"Injection, acetazolamide sodium, up to 500 mg",29.0,68.720689655,19.425862069,71.7321491292883,1429.5499999939998,Medium,2,1,Medium,121.7,
J3304,"Injection, triamcinolone acetonide, preservative-free, extended-release, microsphere formulation, 1 mg",3434301.6,47.29007926958986,13.605760297843789,71.22914465784572,115682110.5395779,Medium,4,1,Medium,121.2,
J0595,"Injection, butorphanol tartrate, 1 mg",473.0,12.253868922,2.3224312896,81.04736304604647,4697.570000125201,High,1,0,Medium,121.0,
J9400,"Injection, ziv-aflibercept, 1 mg",20900.0,26.855406698999996,5.1578325359,80.79406283542875,453479.3000087899,High,2,0,Medium,120.8,
J9119,"Injection, cemiplimab-rwlc, 1 mg",6304608.0,72.121474363,21.501681058,70.18685315585996,319137953.82904947,Medium,1,1,Medium,120.2,
J3299,"Injection, triamcinolone acetonide (xipere), 1 mg",67528.0,123.74760573,37.684382478,69.54738456902183,5811677.339761056,Medium,4,1,Medium,119.5,
J9298,"Injection, nivolumab and relatlimab-rmbw, 3 mg/1 mg",687733.0,468.43678308,145.79539417,68.8761857659028,221891130.31924102,Medium,1,1,Medium,118.9,
J0558,"Injection, penicillin g benzathine and penicillin g procaine, 100,000 units",556.0,27.79294964,11.530629496,58.51239380722312,9041.850000064,Medium,2,2,Medium,118.5,
J0687,"Injection, cefazolin sodium (wg critical care), not therapeutically equivalent to j0690, 500 mg",64.0,3.73,0.815,78.15013404825737,186.56,High,2,0,Medium,118.2,
J9260,"Injection, methotrexate sodium, 50 mg",44165.2,15.008570096068537,1.8264785396816707,87.83042936142122,582189.7100061371,High,1,1,Low,117.8,
J0517,"Injection, benralizumab, 1 mg",917659.0,398.03522045,128.99140652,67.5929666791375,246890477.24718988,Medium,1,1,Medium,117.6,
J3489,"Injection, zoledronic acid, 1 mg",648414.5,173.64611923,4.7014295794,97.29252251634094,109546186.46744896,High,1,0,Low,117.3,
J9330,"Injection, temsirolimus, 1 mg",15657.0,183.22320943,23.631204573,87.10250483739712,2498732.0200460493,High,2,1,Low,117.1,
J2360,"Injection, orphenadrine citrate, up to 60 mg",5782.0,27.29279661,6.286753718400001,76.9655202131373,121456.9399992312,High,1,0,Medium,117.0,
J0561,"Injection, penicillin g benzathine, 100,000 units",45214.1,37.063390403,16.614776585,55.17200017498895,924565.6700284337,Medium,2,2,Medium,115.2,
J9356,"Injection, trastuzumab, 10 mg and hyaluronidase-oysk",99130.0,200.04544719,50.911870372,74.54984800346656,14783611.46996834,Medium,1,0,Medium,114.5,
J2427,"Injection, paliperidone palmitate extended release (invega hafyera, or invega trinza), 1 mg",43929.0,24.480786952,6.362827289500001,74.0088939870449,795903.8500139625,Medium,1,0,Medium,114.0,
J0285,"Injection, amphotericin b, 50 mg",387.0,80.418604651,29.282635658999997,63.58723732389969,19789.619999904,Medium,1,1,Medium,113.6,
J9311,"Injection, rituximab 10 mg and hyaluronidase",445872.0,108.33080532,28.848747241,73.36976573211724,35438824.19979989,Medium,1,0,Medium,113.4,
J9316,"Injection, pertuzumab, trastuzumab, and hyaluronidase-zzxf, per 10 mg",920608.0,192.07390168,51.239941267000006,73.3227987671292,129652870.62789111,Medium,1,0,Medium,113.3,
J2783,"Injection, rasburicase, 0.5 mg",18739.0,766.19195421,287.35444527,62.49576314511375,8972936.08002666,Medium,1,1,Medium,112.5,
J3111,"Injection, romosozumab-aqqg, 1 mg",39897020.1,22.484392057,8.4924954115,62.22937498167287,558234981.7026361,Medium,1,1,Medium,112.2,
J0490,"Injection, belimumab, 10 mg",1633207.8,106.20754684,40.478877256,61.88700477473529,107348575.84821159,Medium,1,1,Medium,111.9,
J2919,"Injection, methylprednisolone sodium succinate, 5 mg",4178201.7,2.446310310968426,0.2211277425440861,90.96076480761151,9297261.590200944,High,1,0,Low,111.0,
J0897,"Injection, denosumab, 1 mg",55345841.0,51.679172414630386,20.26923433899763,60.77871724342976,1738409438.5538166,Medium,1,1,Medium,110.8,
J2997,"Injection, alteplase recombinant, 1 mg",36415.0,232.86098420622932,68.89030811497045,70.41569314421562,5970992.169863191,Medium,2,0,Medium,110.4,
J1575,"Injection, immune globulin/hyaluronidase, (hyqvia), 100 mg immuneglobulin",831182.0,44.546483093,13.388222062,69.94550156956427,25898185.72026864,Medium,1,0,Medium,109.9,
J7608,"Acetylcysteine, inhalation solution, fda-approved final product, non-compounded, administered through dme, unit dose form, per gram",50.0,11.418399999999998,5.7564,49.58663210257128,283.0999999999999,Medium,2,2,Medium,109.6,
J9144,"Injection, daratumumab, 10 mg and hyaluronidase-fihj",18925033.0,126.79785268999998,38.874147968,69.34163541157046,1663959013.3461056,Medium,1,0,Medium,109.3,
J1720,"Injection, hydrocortisone sodium succinate, up to 100 mg",26984.5,45.276698846,14.011145287,69.05440183557504,843685.3300128356,Medium,4,0,Medium,109.1,
J1456,"Injection, fosaprepitant (teva), not therapeutically equivalent to j1453, 1 mg",120909.0,4.1174450206,1.271714099,69.11399927291114,344074.4799997344,Medium,2,0,Medium,109.1,
J9334,"Injection, efgartigimod alfa, 2 mg and hyaluronidase-qvfc",3043222.6,80.34572142,25.761176944,67.9370892578887,166112919.36006838,Medium,1,0,Medium,107.9,
J0578,"Injection, buprenorphine extended release (brixadi), greater than 7 days and up to 28 days of therapy",30.0,407.448,172.09133333,57.76360828130215,7060.7000001,Medium,3,1,Medium,107.8,
J2182,"Injection, mepolizumab, 1 mg",4987291.0,72.685128425,23.416996668,67.78296031744269,245714510.0985003,Medium,1,0,Medium,107.8,
J9217,"Leuprolide acetate (for depot suspension), 7.5 mg",687219.4,1072.2658472,138.12258631,87.11862485682273,641961371.2628694,High,1,0,Low,107.1,
J7336,"Capsaicin 8% patch, per square centimeter",7700977.0,7.7783900848,2.577786216,66.85964334654115,40049730.77973982,Medium,1,0,Medium,106.9,
J7313,"Injection, fluocinolone acetonide, intravitreal implant (iluvien), 0.01 mg",17330.0,863.97524812,379.65228159,56.05750483985289,8393317.0099649,Medium,8,1,Medium,106.1,
J7314,"Injection, fluocinolone acetonide, intravitreal implant (yutiq), 0.01 mg",22981.0,919.96433924,410.39540838,55.390074280592714,11710403.600093659,Medium,8,1,Medium,105.4,
J0640,"Injection, leucovorin calcium, per 50 mg",1321365.6,22.610466036,3.4989955239999997,84.52488542947783,25253239.699971184,High,1,0,Low,104.5,
J2426,"Injection, paliperidone palmitate extended release (invega sustenna), 1 mg",353452.0,22.558904773,8.0272256205,64.41659867234549,5136251.05980943,Medium,1,0,Medium,104.4,
J0177,"Injection, aflibercept hd, 1 mg",1948106.4,711.9111233009672,262.27937475039846,63.158410345624375,875930486.9945537,Medium,2,0,Medium,103.2,
J2930,"Injection, methylprednisolone sodium succinate, up to 125 mg",66846.0,22.894622265889595,3.9051404721276186,82.94297924300835,1269370.899985813,High,1,0,Low,102.9,
J0178,"Injection, aflibercept, 1 mg",2714965.0,1716.8846790197974,652.6905571321878,61.98401878075926,2889249794.130594,Medium,2,0,Medium,102.0,
J2920,"Injection, methylprednisolone sodium succinate, up to 40 mg",29027.0,15.664808971,2.8875560685000004,81.56660528803329,370885.3200008675,High,1,0,Low,101.6,
Q9991,"Injection, buprenorphine extended-release (sublocade), less than or equal to 100 mg",323.0,1858.4404334,904.01399381,51.35631050836994,308279.73998757004,Medium,3,1,Medium,101.4,
J9036,"Injection, bendamustine hydrochloride, (belrapzo/bendamustine), 1 mg",151590.0,45.860774919,8.5615764232,81.33137427720838,5654185.499978322,High,1,0,Low,101.3,
J3360,"Injection, diazepam, up to 5 mg",3105.4,23.23206028204392,4.3837991884992595,81.130389921175,58531.38999989359,High,1,0,Low,101.1,
J3471,"Injection, hyaluronidase, ovine, preservative free, per 1 usp unit (up to 999 usp units)",3246.0,0.9981454097,0.3912014787,60.80716547926834,1970.140000026,Medium,1,0,Medium,100.8,
J1954,"Injection, leuprolide acetate for depot suspension (cipla), 7.5 mg",6638.0,1198.6735628,236.38932509999998,80.27909078533321,6387642.7698526,High,1,0,Low,100.3,
J3425,"Injection, hydroxocobalamin, intramuscular, 10 mcg",1012.0,32.268221344,0.0270750988,99.91609361262476,32628.0400001424,High,0,0,None,99.9,
J0665,"Injection, bupivicaine, not otherwise specified, 0.5 mg",2668741.7,2.132535449222709,0.00955641381219511,99.55187550032622,5665682.680025816,High,0,0,None,99.6,
J9263,"Injection, oxaliplatin, 0.5 mg",20410899.0,14.510162707,0.0553166198,99.61877326314671,295036403.5463844,High,0,0,None,99.6,
J7613,"Albuterol, inhalation solution, fda-approved final product, non-compounded, administered through dme, unit dose, 1 mg",148925.5,6.7765819151,0.0356654837,99.47369508482547,1003894.3500044608,High,0,0,None,99.5,
J1805,"Injection, esmolol hydrochloride, 10 mg",413.0,36.077457627002424,0.17946731235278449,99.5025500016984,14825.8699999503,High,0,0,None,99.5,
J7614,"Levalbuterol, inhalation solution, fda-approved final product, non-compounded, administered through dme, unit dose, 0.5 mg",10848.5,6.7252984284,0.0382486058,99.43127273522197,72544.4600004761,High,0,0,None,99.4,
J2778,"Injection, ranibizumab, 0.1 mg",785615.0,602.355288533237,125.32431502960692,79.19428659209129,374762688.2490543,High,1,0,Low,99.2,
J0613,"Injection, calcium gluconate (wg critical care), not therapeutically equivalent to j0612, 10 mg",5136.0,6.7543496885,0.0670229751,99.00770646781712,34346.110000022396,High,0,0,None,99.0,
J2250,"Injection, midazolam hydrochloride, per 1 mg",258501.4,9.643241158411548,0.10448396028548503,98.91650578297167,2465782.089975665,High,0,0,None,98.9,
J2501,"Injection, paricalcitol, 1 mcg",17.0,30.118823529000004,0.3370588235,98.8809030898054,506.28999999350003,High,0,0,None,98.9,
J9049,"Injection, bortezomib (hospira), not therapeutically equivalent to j9041, 0.1 mg",50709.0,106.21019877999998,1.2637845353,98.81010999902395,5321727.719934491,High,0,0,None,98.8,
J2469,"Injection, palonosetron hcl, 25 mcg",2793665.0,54.580674855000005,0.7080923446,98.70266839594576,150501948.21891662,High,0,0,None,98.7,
J9297,"Injection, pemetrexed (sandoz), not therapeutically equivalent to j9305, 10 mg",6557.0,70.593678512,1.0000838798,98.5833237467148,456325.20000333537,High,0,0,None,98.6,
J1270,"Injection, doxercalciferol, 1 mcg",42.0,11.710952381,0.175952381,98.49753994999188,484.47,High,0,0,None,98.5,
J1626,"Injection, granisetron hydrochloride, 100 mcg",1134386.0,16.540593634,0.24815525760000004,98.49971976162992,18481914.00005089,High,0,0,None,98.5,
J9041,"Injection, bortezomib, 0.1 mg",3071661.5,84.990115161,1.3999763157,98.35277748118358,256760611.27076247,High,0,0,None,98.4,
J1836,"Injection, metronidazole, 10 mg",33481.0,1.2443338012926886,0.020058839347573253,98.38798565732642,40989.950000884404,High,0,0,None,98.4,
J0612,"Injection, calcium gluconate, not otherwise specified, 10 mg",581226.0,1.9117087500999999,0.0337633898,98.23386330170672,1091510.6699857276,High,0,0,None,98.2,
J7611,"Albuterol, inhalation solution, fda-approved final product, non-compounded, administered through dme, concentrated form, 1 mg",15955.5,6.8141518599,0.1207464511,98.22800469401673,106796.6300001084,High,0,0,None,98.2,
J2315,"Injection, naltrexone, depot form, 1 mg",265914.0,5.3539471032,2.2421644216,58.12128176873692,827466.5799949825,Medium,2,0,Medium,98.1,
J9206,"Injection, irinotecan, 20 mg",631049.0,109.49698142,2.0610791238,98.1176840703085,67797318.70811471,High,0,0,None,98.1,
J9059,"Injection, bendamustine hydrochloride (baxter), 1 mg",16106.0,72.676668322,15.895629579,78.1282907623488,914515.409994758,High,1,0,Low,98.1,
J0696,"Injection, ceftriaxone sodium, per 250 mg",2331712.9,16.560383222634076,0.3255193081106231,98.03434918302062,37855041.61923884,High,0,0,None,98.0,
J7631,"Cromolyn sodium, inhalation solution, fda-approved final product, non-compounded, administered through dme, unit dose form, per 10 milligrams",113.0,24.14159292,0.4996460177,97.93035190612433,2671.5399999599,High,0,0,None,97.9,
J9245,"Injection, melphalan hydrochloride, not otherwise specified, 50 mg",151.0,5385.0281457,123.09205298,97.71417995134733,794552.3500007201,High,0,0,None,97.7,
J9267,"Injection, paclitaxel, 1 mg",14288872.0,3.3592319464,0.07968450269999999,97.62789518641617,46861033.640956506,High,0,0,None,97.6,
J9045,"Injection, carboplatin, 50 mg",678624.3,116.06608932,2.7943678115,97.59243390737859,76868942.71850076,High,0,0,None,97.6,
J0894,"Injection, decitabine, 1 mg",1234487.0,49.593173537,1.2396679511,97.50032542245935,59691774.05022093,High,0,0,None,97.5,
J7312,"Injection, dexamethasone, intravitreal implant, 0.1 mg",223288.6,372.86177915275795,158.29784691561764,57.54516666328395,47909680.03972593,Medium,1,0,Medium,97.5,
J9351,"Injection, topotecan, 0.1 mg",180333.0,33.475737885,0.8473305496,97.46882188971948,5883978.580014688,High,0,0,None,97.5,
J2805,"Injection, sincalide, 5 micrograms",3512.2,224.3982575,95.613373384,57.391213974110286,452318.26999221515,Medium,1,0,Medium,97.4,
J9305,"Injection, pemetrexed, not otherwise specified, 10 mg",1373746.0,125.49483705999998,3.4962320253999994,97.21404313730577,167595095.6718616,High,0,0,None,97.2,
Q4170,"Cygnus, per square centimeter",472.0,1554.342161,44.693559322,97.12459968960462,712554.139992016,High,0,0,None,97.1,
J2760,"Injection, phentolamine mesylate, up to 5 mg",795.0,253.94695597000003,134.30841509,47.11162629337974,95112.63999960001,Medium,2,1,Medium,97.1,
J9056,"Injection, bendamustine hydrochloride (vivimusta), 1 mg",300567.0,105.55334554,24.447596243,76.83863441946947,24377711.748951394,High,1,0,Low,96.8,
J7050,"Infusion, normal saline solution, 250 cc",489340.0,15.941352066,0.5082182736,96.81195000589732,7552049.689973016,High,0,0,None,96.8,
J2185,"Injection, meropenem, 100 mg",268997.0,8.7898694781,0.2911738421,96.6873928807992,2286123.6299970923,High,0,0,None,96.7,
J0692,"Injection, cefepime hydrochloride, 500 mg",139191.0,30.163414085999996,0.9944995006999999,96.70296108436351,4060050.3900424917,High,0,0,None,96.7,
J0641,"Injection, levoleucovorin, not otherwise specified, 0.5 mg",1266629.0,2.0106335794,0.0678117428,96.6273445597066,2460834.480070821,High,0,0,None,96.6,
J0750,"Emtricitabine 200mg and tenofovir disoproxil fumarate 300mg, oral, fda approved prescription, only for use as hiv pre-exposure prophylaxis (not for use as treatment of hiv)",1650.0,30.147878788,1.0466787879,96.52818430357821,48016.980000165,High,0,0,None,96.5,
J1450,"Injection fluconazole, 200 mg",339.0,58.06964601799999,2.034159292,96.49703514402435,18996.030000114,High,0,0,None,96.5,
J0780,"Injection, prochlorperazine, up to 10 mg",3682.0,70.052979359,2.7842748506,96.02547261219048,247683.36999992884,High,0,0,None,96.0,
J9209,"Injection, mesna, 200 mg",7234.0,30.382391485,1.283039812,95.7770282413962,210504.710002482,High,0,0,None,95.8,
J7677,"Revefenacin inhalation solution, fda-approved final product, non-compounded, administered through dme, 1 microgram",826.0,3.2845036319999994,0.1460169492,95.55436785706681,2592.3899999927994,High,0,0,None,95.6,
Q5128,"Injection, ranibizumab-eqrn (cimerli), biosimilar, 0.1 mg",952384.0,739.54754713,180.58497242,75.58169544056966,532347012.75260866,High,1,0,Low,95.6,
J7612,"Levalbuterol, inhalation solution, fda-approved final product, non-compounded, administered through dme, concentrated form, 0.5 mg",1262.0,3.7026228209000003,0.1779477021,95.19400947092024,4448.1399999256,High,0,0,None,95.2,
J2430,"Injection, pamidronate disodium, per 30 mg",1852.0,180.78394708,8.92662527,95.06226884954016,318279.75999212003,High,0,0,None,95.1,
J2543,"Injection, piperacillin sodium/tazobactam sodium, 1 gram/0.125 grams (1.125 grams)",39989.0,17.553557978,0.8690594913999999,95.0490977812635,667196.4099806474,High,0,0,None,95.0,
Q9963,"High osmolar contrast material, 350-399 mg/ml iodine concentration, per ml",16165.0,3.3034401485,0.1668481287,94.94926133970488,50703.010000067,High,0,0,None,94.9,
J3411,"Injection, thiamine hcl, 100 mg",85216.0,32.271921587,1.6453452403,94.90161986213182,2609874.329960387,High,0,0,None,94.9,
J3370,"Injection, vancomycin hcl, 500 mg",54907.5,32.834585986,1.7455682739,94.68375122913298,1707020.2400271308,High,0,0,None,94.7,
J2401,"Injection, chloroprocaine hydrochloride, per 1 mg",6156.0,0.4912248212937622,0.027108512013677713,94.4814449843392,2857.0999999282003,High,0,0,None,94.5,
J7040,"Infusion, normal saline solution, sterile (500 ml = 1 unit)",201686.7,18.030684373,1.0009941161,94.44838534471306,3434662.0299363136,High,0,0,None,94.4,
J2720,"Injection, protamine sulfate, per 10 mg",1964.0,21.452556008,1.1930295316,94.43875344665176,39789.709999649596,High,0,0,None,94.4,
J9198,"Injection, gemcitabine hydrochloride, (infugem), 100 mg",708.0,52.06018361562712,28.970508474460452,44.351889558521925,16347.489999946,Medium,1,1,Medium,94.4,
Q9966,"Low osmolar contrast material, 200-299 mg/ml iodine concentration, per ml",3911003.8,4.883655814915954,0.28729644802362614,94.11718477075826,17976378.95008149,High,0,0,None,94.1,
J0697,"Injection, sterile cefuroxime sodium, per 750 mg",258.0,22.382596899,1.3210852713,94.09771226609088,5433.8699999466,High,0,0,None,94.1,
Q9967,"Low osmolar contrast material, 300-399 mg/ml iodine concentration, per ml",98719147.6,1.7323668721322745,0.10159066533024723,94.13573031414502,160988837.06185743,High,0,0,None,94.1,
Q4102,"Oasis wound matrix, per square centimeter",11514.0,159.61796682,9.7720774709,93.87783363891616,1725325.5699655374,High,0,0,None,93.9,
J7674,"Methacholine chloride administered as inhalation solution through a nebulizer, per 1 mg",64098.0,14.164233049,0.8794143343,93.79130284528829,851530.3099748406,High,0,0,None,93.8,
Q5116,"Injection, trastuzumab-qyyp, biosimilar, (trazimera), 10 mg",569710.0,183.50134728,11.609055642,93.67358560900044,97928757.469085,High,0,0,None,93.7,
Q5124,"Injection, ranibizumab-nuna, biosimilar, (byooviz), 0.1 mg",173041.0,509.78769251,134.11933189,73.69113969196714,65006028.79004542,Medium,1,0,Low,93.7,
J3475,"Injection, magnesium sulfate, per 500 mg",447924.5,6.9107516557,0.4430845823,93.58847482336392,2897026.5400191583,High,0,0,None,93.6,
Q5117,"Injection, trastuzumab-anns, biosimilar, (kanjinti), 10 mg",104606.0,200.54776313,13.090907118,93.47242426757253,19609111.87999127,High,0,0,None,93.5,
J0153,"Injection, adenosine, 1 mg (not to be used to report any adenosine phosphate compounds)",527620.9,5.8048200706,0.3937111475,93.21751333010214,2855014.160004053,High,0,0,None,93.2,
J9017,"Injection, arsenic trioxide, 1 mg",36889.0,132.58762395,9.3599503917,92.94055499838377,4545745.649892129,High,0,0,None,92.9,
Q0138,"Injection, ferumoxytol, for treatment of iron deficiency anemia, 1 mg (non-esrd use)",33848571.0,3.8319768985,0.2715360167,92.91394431928099,120515835.97890991,High,0,0,None,92.9,
Q9961,"High osmolar contrast material, 250-299 mg/ml iodine concentration, per ml",11740.0,2.9702274276,0.2129480409,92.83058129080484,32370.459999857994,High,0,0,None,92.8,
A9575,"Injection, gadoterate meglumine, 0.1 ml",54986780.8,1.3107765449015967,0.09466518302773948,92.77793126555784,66870048.883747265,High,0,0,None,92.8,
J7120,"Ringers lactate infusion, up to 1000 cc",19097.5,25.552147663,1.8457175022999999,92.77666391630697,452733.5499939682,High,0,0,None,92.8,
J7070,"Infusion, d5w, 1000 cc",1719.0,37.633664921,2.789168121,92.58863539637986,59897.68999919999,High,0,0,None,92.6,
Q4201,"Matrion, per square centimeter",976.0,1086.0767418,82.229036885,92.42880049629657,979755.35999704,High,0,0,None,92.4,
Q9958,"High osmolar contrast material, up to 149 mg/ml iodine concentration, per ml",127612.0,0.7708714698,0.0587925117,92.37324067587383,90869.8200010572,High,0,0,None,92.4,
J0713,"Injection, ceftazidime, per 500 mg",27610.2,16.821735083,1.2912162896,92.3241194607511,428800.72998953273,High,0,0,None,92.3,
J9390,"Injection, vinorelbine tartrate, 10 mg",12547.0,78.00899737,6.0416107436,92.25523856569468,902974.8000014408,High,0,0,None,92.3,
Q0139,"Injection, ferumoxytol, for treatment of iron deficiency anemia, 1 mg (for esrd on dialysis)",22441.0,3.2367078116,0.2512044918,92.23888882092753,66997.6799996318,High,0,0,None,92.2,
J9100,"Injection, cytarabine, 100 mg",8189.0,8.217600439585665,0.6375271706398218,92.24193028942199,62073.21999939751,High,0,0,None,92.2,
J1171,"Injection, hydromorphone, 0.1 mg",751495.0,0.7764792314,0.0629628274,91.89124127808577,536204.0100239799,High,0,0,None,91.9,
J3243,"Injection, tigecycline, 1 mg",68167.0,5.6358468174,0.463477049,91.77626603389804,352584.93000252283,High,0,0,None,91.8,
J7328,"Hyaluronan or derivative, gelsyn-3, for intra-articular injection, 0.1 mg",11420478.6,4.821889605430484,0.3997330488170864,91.71003317108502,50503144.32065299,High,0,0,None,91.7,
J0360,"Injection, hydralazine hcl, up to 20 mg",741.0,44.366059379,3.7000134953,91.66026113860511,30133.5399998217,High,0,0,None,91.7,
A9585,"Injection, gadobutrol, 0.1 ml",21562873.3,2.920660400128836,0.24466850297554896,91.62283629535443,57702074.23014296,High,0,0,None,91.6,
J9181,"Injection, etoposide, 10 mg",533262.0,9.9666880633,0.8725739693,91.24509602630137,4849545.469994628,High,0,0,None,91.2,
J7606,"Formoterol fumarate, inhalation solution, fda approved final product, non-compounded, administered through dme, unit dose form, 20 micrograms",123.0,27.875203252,2.4622764228,91.166785761021,3125.7899999916,High,0,0,None,91.2,
J1557,"Injection, immune globulin, (gammaplex), intravenous, non-lyophilized (e.g., liquid), 500 mg",11075.0,423.35413905,37.060723251,91.2459286841594,4278199.579973925,High,0,0,None,91.2,
J9058,"Injection, bendamustine hydrochloride (apotex), 1 mg",111073.0,52.715054244,15.280425846,71.01316490110753,4157976.480051054,Medium,1,0,Low,91.0,
J1335,"Injection, ertapenem sodium, 500 mg",126147.1,97.741702346,8.8805578567,90.91425906900687,11209575.680006176,High,0,0,None,90.9,
J1740,"Injection, ibandronate sodium, 1 mg",4506.0,204.33034842,19.485173103,90.46388690976617,832912.359978402,High,0,0,None,90.5,
J0743,"Injection, cilastatin sodium; imipenem, per 250 mg",12283.0,58.327098429,5.8347830335,89.99644557906043,644763.1100029266,High,0,0,None,90.0,
Q4232,"Corplex, per square centimeter",519.0,1348.1984586,135.03038536,89.98438364184018,629634.23001156,High,0,0,None,90.0,
Q5119,"Injection, rituximab-pvvr, biosimilar, (ruxience), 10 mg",1648407.0,156.77934909,15.825343377,89.90597711442508,232349569.69534922,High,0,0,None,89.9,
J7030,"Infusion, normal saline solution , 1000 cc",286198.0,19.69260201,2.0118090972,89.78393461575878,5060207.570057535,High,0,0,None,89.8,
Q5105,"Injection, epoetin alfa-epbx, biosimilar, (retacrit) (for esrd on dialysis), 100 units",9196.0,5.3682481514,0.5507318399,89.74093923440604,44301.880000553996,High,0,0,None,89.7,
J1245,"Injection, dipyridamole, per 10 mg",27608.0,28.102348595,2.8923236019,89.70789365834496,695998.3700095047,High,0,0,None,89.7,
J0701,"Injection, cefepime hydrochloride (baxter), not therapeutically equivalent to maxipime, 500 mg",59.0,41.32559322,4.2794915254,89.64445228258965,2185.7199999814,High,0,0,None,89.6,
A9579,"Injection, gadolinium-based magnetic resonance contrast agent, not otherwise specified (nos), per ml",722472.7,10.684552759,1.1515887452,89.22192841221198,6887306.250052923,High,0,0,None,89.2,
J9130,"Dacarbazine, 100 mg",18443.0,26.935784308,2.9332711598,89.11013272804976,442678.3499922526,High,0,0,None,89.1,
Q4118,"Matristem micromatrix, 1 mg",11973.0,18.170650631,1.9884406580999998,89.05685493337468,193749.6000055317,High,0,0,None,89.1,
Q5118,"Injection, bevacizumab-bvzr, biosimilar, (zirabev), 10 mg",1219678.0,146.23717182,16.346091009,88.8222051852042,158425293.66139886,High,0,0,None,88.8,
J2248,"Injection, micafungin sodium, 1 mg",465876.0,3.8714666778,0.434321064,88.78148515417915,1601283.6499746887,High,0,0,None,88.8,
J9293,"Injection, mitoxantrone hydrochloride, per 5 mg",441.0,317.0944898,36.43585034,88.50946594405312,123770.46000186,High,0,0,None,88.5,
J9055,"Injection, cetuximab, 10 mg",687901.0,180.92403541,57.231682174999996,68.36700991921568,85088093.48270972,Medium,1,0,Low,88.4,
J2562,"Injection, plerixafor, 1 mg",5633.0,508.43979052,59.54852299,88.28798923681848,2528604.50999649,High,0,0,None,88.3,
J0834,"Injection, cosyntropin, 0.25 mg",3063.0,158.07825988,18.842853412,88.08004754967321,426478.05001148395,High,0,0,None,88.1,
J2916,"Injection, sodium ferric gluconate complex in sucrose injection, 12.5 mg",116975.0,13.734738705,1.662623552,87.89475658976507,1412135.670022175,High,0,0,None,87.9,
J1955,"Injection, levocarnitine, per 1 gm",123713.0,51.775259916,21.903818515,57.694430601533085,3695485.630041913,Medium,1,1,Low,87.7,
P9041,"Infusion, albumin (human), 5%, 50 ml",407.0,67.34992629,8.3261916462,87.6374153546234,24022.6600000266,High,0,0,None,87.6,
J1559,"Injection, immune globulin (hizentra), 100 mg",61793.0,72.875902448,9.2124214717,87.35875486650276,3933957.4799685064,High,0,0,None,87.4,
J9033,"Injection, bendamustine hcl (treanda), 1 mg",637557.0,42.336371948,5.3377936718,87.39194355539915,23588702.570039243,High,0,0,None,87.4,
J9178,"Injection, epirubicin hcl, 2 mg",3065.0,7.9685252855,1.0142610114,87.27165974806393,21314.8200001165,High,0,0,None,87.3,
J1190,"Injection, dexrazoxane hydrochloride, per 250 mg",1364.0,568.00561584,74.447302053,86.89321021185627,673213.5400054681,High,0,0,None,86.9,
J2300,"Injection, nalbuphine hydrochloride, per 10 mg",1928.5,16.472040446,2.2480321493,86.35243668403022,27431.00000018595,High,0,0,None,86.4,
90687,"Influenza vaccine, quadrivalent, 0.25 ml dosage",16.0,69.675,9.590625,86.23519913885899,961.3499999999999,High,0,0,None,86.2,
J0712,"Injection, ceftaroline fosamil, 10 mg",42341.0,21.701352826,3.040499752,85.98935386020162,790119.1800062341,High,0,0,None,86.0,
Q4124,"Oasis ultra tri-layer wound matrix, per square centimeter",1025.0,48.682526829,6.930302439,85.76429185086661,42796.02999975,High,0,0,None,85.8,
A9577,"Injection, gadobenate dimeglumine (multihance), per ml",397443.6,9.548332493,1.3591630863,85.7654403290164,3254732.970008712,High,0,0,None,85.8,
J9065,"Injection, cladribine, per 1 mg",8061.0,81.913203077,11.611209527,85.82498414073096,566704.3700065501,High,0,0,None,85.8,
J9208,"Injection, ifosfamide, 1 gram",1838.0,140.80592492,20.169510337,85.67566645476073,221729.730003554,High,0,0,None,85.7,
J3371,"Injection, vancomycin hcl (mylan), not therapeutically equivalent to j3370, 500 mg",115.0,31.280782608599996,4.5605217391199995,85.42069168734233,3072.8299999901997,High,0,0,None,85.4,
Q5107,"Injection, bevacizumab-awwb, biosimilar, (mvasi), 10 mg",1123996.0,136.68949027,20.132854966,85.27110246279214,131009191.85515478,High,0,0,None,85.3,
J0457,"Injection, aztreonam, 100 mg",21296.0,12.204960556,1.7908597859000002,85.32678759850963,221778.6900000496,High,0,0,None,85.3,
J2550,"Injection, promethazine hcl, up to 50 mg",20725.5,15.519002678,2.3665084075,84.7508989037369,272592.0200032478,High,0,0,None,84.8,
J1950,"Injection, leuprolide acetate (for depot suspension), per 3.75 mg",2402.0,2809.8134763,991.47539134,64.71383600004694,4367648.080073919,Medium,1,0,Low,84.7,
J0882,"Injection, darbepoetin alfa, 1 microgram (for esrd on dialysis)",36717.0,15.037269112,2.3095141215,84.6413992840165,467324.9799861885,High,0,0,None,84.6,
J7329,"Hyaluronan or derivative, trivisc, for intra-articular injection, 1 mg",3387989.0,36.032094425,5.6041465247,84.44679218865585,103089552.77878949,High,0,0,None,84.4,
J0881,"Injection, darbepoetin alfa, 1 microgram (non-esrd use)",26984455.3,14.609577548,2.3092181346,84.19380624105641,331918498.76482654,High,0,0,None,84.2,
Q5115,"Injection, rituximab-abbs, biosimilar, (truxima), 10 mg",692854.2,160.93796429,25.431666735,84.19784489806659,93886107.38743147,High,0,0,None,84.2,
J9370,"Vincristine sulfate, 1 mg",17212.1,38.806374585,6.2584780474,83.87255157347495,560217.649994825,High,0,0,None,83.9,
A9578,"Injection, gadobenate dimeglumine (multihance multipack), per ml",97729.0,8.1370114296,1.3067847824,83.94023661259328,667511.2200042087,High,0,0,None,83.9,
J0694,"Injection, cefoxitin sodium, 1 gm",3665.0,22.452450205,3.6058472033,83.94007259618816,69072.8000012305,High,0,0,None,83.9,
J7318,"Hyaluronan or derivative, durolane, for intra-articular injection, 1 mg",5274884.0,31.14823004811699,5.064665355660576,83.74011830580162,137587778.05920327,High,0,0,None,83.7,
J0888,"Injection, epoetin beta, 1 microgram, (for non esrd use)",10959.0,6.0726343644,0.9930531982999999,83.64707738503671,55667.12999928989,High,0,0,None,83.6,
J1160,"Injection, digoxin, up to 0.5 mg",23.0,21.321304348,7.815217391300001,63.34550052031366,310.64000000410005,Medium,2,0,Low,83.3,
J2791,"Injection, rho(d) immune globulin (human), (rhophylac), intramuscular or intravenous, 100 iu",379.0,17.214643799,2.8936147757,83.19096921501165,5427.6699998307,High,0,0,None,83.2,
J2545,"Pentamidine isethionate, inhalation solution, fda-approved final product, non-compounded, administered through dme, unit dose form, per 300 mg",1370.0,348.21721168,58.496321168,83.20119764161566,396917.62000144,High,0,0,None,83.2,
J7605,"Arformoterol, inhalation solution, fda approved final product, non-compounded, administered through dme, unit dose form, 15 micrograms",38.0,8.1194736842,1.3692105263,83.13670836861753,256.5100000002,High,0,0,None,83.1,
J7331,"Hyaluronan or derivative, synojoynt, for intra-articular injection, 1 mg",606625.0,47.620706895,8.1020905831,82.98620261777195,23972980.620206337,High,0,0,None,83.0,
Q5121,"Injection, infliximab-axxq, biosimilar, (avsola), 10 mg",204994.8,100.35787844,17.125992806,82.93507886753609,17062103.7491647,High,0,0,None,82.9,
J1745,"Injection, infliximab, excludes biosimilar, 10 mg",8632119.1,141.48487285,24.540778154,82.65483958838642,1009475353.45755,High,0,0,None,82.7,
J0895,"Injection, deferoxamine mesylate, 500 mg",8127.0,34.140140273,5.9195668758,82.66097670230857,229348.59999904438,High,0,0,None,82.7,
Q4121,"Theraskin, per square centimeter",36201.8,208.18485628,36.268256275,82.57882109051164,6223690.370061009,High,0,0,None,82.6,
J9314,"Injection, pemetrexed (teva), not therapeutically equivalent to j9305, 10 mg",3345.0,57.889814649,10.076983558,82.5928211739851,159933.919999395,High,0,0,None,82.6,
Q9957,"Injection, perflutren lipid microspheres, per ml",91938.5,182.6027037639528,32.05728427201248,82.44424446559545,13840920.049959755,High,0,0,None,82.4,
J1576,"Injection, immune globulin (panzyga), intravenous, non-lyophilized (e.g., liquid), 500 mg",651759.0,292.9314127,51.776091822,82.32484138700909,157175150.7801244,High,0,0,None,82.3,
J2150,"Injection, mannitol, 25% in 50 ml",5431.0,13.838438592999998,2.4646363469,82.18992460502946,61771.11999856909,High,0,0,None,82.2,
J9185,"Injection, fludarabine phosphate, 50 mg",700.0,807.19842857,144.22962857,82.13207267691152,464078.1600000001,High,0,0,None,82.1,
Q5112,"Injection, trastuzumab-dttb, biosimilar, (ontruzant), 10 mg",275000.8,154.94470922,27.76678046,82.07955560420264,34974032.151343,High,0,0,None,82.1,
Q5104,"Injection, infliximab-abda, biosimilar, (renflexis), 10 mg",861596.0,126.54257058,22.953111319,81.86135210167153,89252263.74144056,High,0,0,None,81.9,
A9573,"Injection, gadopiclenol, 1 ml",226711.0,22.799844427,4.1161144806,81.94674312897669,4235807.099878291,High,0,0,None,81.9,
J3105,"Injection, terbutaline sulfate, up to 1 mg",46.0,19.667391304,3.5763043478,81.8160716257644,740.1899999852,High,0,0,None,81.8,
J9034,"Injection, bendamustine hcl (bendeka), 1 mg",1365439.0,58.658285533,10.752668124,81.66896964973387,65412198.32932755,High,0,0,None,81.7,
J9294,"Injection, pemetrexed (hospira), not therapeutically equivalent to j9305, 10 mg",3140.0,22.797617834,4.1688280255,81.71375599040583,58494.39999869001,High,0,0,None,81.7,
A9576,"Injection, gadoteridol, (prohance multipack), per ml",279998.0,6.0801940014,1.1357933985,81.31978357535175,1384422.2800107943,High,0,0,None,81.3,
J7320,"Hyaluronan or derivitive, genvisc 850, for intra-articular injection, 1 mg",3895844.0,22.533629262064785,4.226571243639899,81.24327335607983,71321442.13873248,High,0,0,None,81.2,
J9280,"Injection, mitomycin, 5 mg",43994.0,230.4528642507667,43.618020866465834,81.07291006849758,8219612.099848933,High,0,0,None,81.1,
J0725,"Injection, chorionic gonadotropin, per 1,000 usp units",15801.0,86.962777672,16.612286564,80.89724476527527,1111608.1099975079,High,0,0,None,80.9,
J2820,"Injection, sargramostim (gm-csf), 50 mcg",21330.0,119.95104548,46.953235818,60.85633465710082,1557043.28009046,Medium,1,0,Low,80.9,
J1602,"Injection, golimumab, 1 mg, for intravenous use",23986169.6,46.844879655,8.9901618064,80.80865641536464,907989682.4766668,High,0,0,None,80.8,
J7324,"Hyaluronan or derivative, orthovisc, for intra-articular injection, per dose",243798.0,501.0595063897843,96.51545402328063,80.73772619969029,98627030.87884887,High,0,0,None,80.7,
J1932,"Injection, lanreotide, (cipla), 1 mg",508174.0,178.32649836,34.399409041,80.70987242089197,73140004.6875935,High,0,0,None,80.7,
J7322,"Hyaluronan or derivative, hymovis, for intra-articular injection, 1 mg",1788703.4,67.437553867,13.553586548,79.90201931889416,96382435.54898418,High,0,0,None,79.9,
J1240,"Injection, dimenhydrinate, up to 50 mg",364.0,33.53021978,6.7346153846,79.91478902080732,9753.599999925602,High,0,0,None,79.9,
J7325,"Hyaluronan or derivative, synvisc or synvisc-one, for intra-articular injection, 1 mg",4867892.0,33.856440181940265,6.880949410955965,79.67609892245433,131313775.72014831,High,0,0,None,79.7,
J7332,"Hyaluronan or derivative, triluron, for intra-articular injection, 1 mg",1053006.0,39.466365244,7.997959888199999,79.73474415808809,33136419.650089536,High,0,0,None,79.7,
Q9950,"Injection, sulfur hexafluoride lipid microspheres, per ml",15518.0,68.76062572499998,14.24306805,79.2860115802851,846003.4600006498,High,0,0,None,79.3,
J0885,"Injection, epoetin alfa, (for non-esrd use), 1000 units",4976925.6,30.071650709000004,6.2840858722,79.10295669163493,118388940.39792974,High,0,0,None,79.1,
J1170,"Injection, hydromorphone, up to 4 mg",162172.5,13.037660331,2.7785498158,78.68827883793409,1663745.600026272,High,0,0,None,78.7,
Q4151,"Amnioband or guardian, per square centimeter",1104.0,493.90243659,106.37440217,78.4624666149797,427830.94999968,High,0,0,None,78.5,
J9304,"Injection, pemetrexed (pemfexy), 10 mg",796997.0,207.47199071,44.687859214,78.46077484431922,129738464.4499175,High,0,0,None,78.5,
J1930,"Injection, lanreotide, 1 mg",3547546.0,175.94406894,37.999936376,78.4022635119581,489363155.7008879,High,0,0,None,78.4,
J1568,"Injection, immune globulin, (octagam), intravenous, non-lyophilized (e.g., liquid), 500 mg",4264225.0,166.81752233,36.101183287,78.3588781425585,557403880.8556367,High,0,0,None,78.4,
P9047,"Infusion, albumin (human), 25%, 50 ml",12341.0,187.6603954266113,40.901268130282396,78.20463500713568,1811154.389963995,High,0,0,None,78.2,
J0122,"Injection, eravacycline, 1 mg",61630.0,4.1288677592,0.9043334415,78.0973018696239,198728.049999851,High,0,0,None,78.1,
J7321,"Hyaluronan or derivative, hyalgan, supartz or visco-3, for intra-articular injection, per dose",321248.0,256.49542076736077,56.441854610662304,77.9949854692125,64266808.02070707,High,0,0,None,78.0,
J0280,"Injection, aminophyllin, up to 250 mg",43403.0,27.978929797,6.1669868442,77.95846056677533,946703.7599803783,High,0,0,None,78.0,
J2798,"Injection, risperidone, (perseris), 0.5 mg",3384.0,7.6137470449,1.6909604019,77.79069370274556,20042.709999912,High,0,0,None,77.8,
Q5123,"Injection, rituximab-arrx, biosimilar, (riabni), 10 mg",1769715.0,140.93443896,31.468533227,77.6715092072482,193723455.36427608,High,0,0,None,77.7,
J0348,"Injection, anidulafungin, 1 mg",14006.0,1.6728637727,0.3750942453,77.57771724026287,18176.5600007644,High,0,0,None,77.6,
J9360,"Injection, vinblastine sulfate, 1 mg",22142.0,14.774561919000002,3.3844173967999995,77.09294248212085,252200.58001055242,High,0,0,None,77.1,
J7323,"Hyaluronan or derivative, euflexxa, for intra-articular injection, per dose",322725.0,402.26990964355207,92.03201818842973,77.12182393408979,100121523.51985435,High,0,0,None,77.1,
90657,"Influenza vaccine, trivalent, 0.25 ml dosage",123.0,46.398780488,10.622926829,77.10515940877501,4400.430000057,High,0,0,None,77.1,
90371,Hepatitis b immune globulin for injection into muscle,13.0,426.89230769,97.916923077,77.06285137653377,4276.679999968999,High,0,0,None,77.1,
Q5106,"Injection, epoetin alfa-epbx, biosimilar, (retacrit) (for non-esrd use), 1000 units",2651134.0,24.555166732,5.6917478219,76.82056943851828,50009451.22880906,High,0,0,None,76.8,
J1437,"Injection, ferric derisomaltose, 10 mg",4340076.0,66.482210745,15.761336004,76.2924008883303,220132451.16242033,High,0,0,None,76.3,
Q4166,"Cytal, per square centimeter",5188.0,59.038276793,14.052839243999998,76.197070769406,233384.450004212,High,0,0,None,76.2,
J3415,"Injection, pyridoxine hcl, 100 mg",105351.0,44.449467399,10.634244193,76.07565441101497,3562467.579975306,High,0,0,None,76.1,
J3263,"Injection, toripalimab-tpzi, 1 mg",14363.0,121.13075263,28.905669428,76.13680357762341,1324628.870030326,High,0,0,None,76.1,
J2779,"Injection, ranibizumab, via intravitreal implant (susvimo), 0.1 mg",27388.0,142.1711172779188,62.52262998365197,56.02297345569034,2181412.77001538,Medium,1,0,Low,76.0,
J1439,"Injection, ferric carboxymaltose, 1 mg",48977066.0,3.578328875,0.8661883062,75.79349644881368,132832687.63939513,High,0,0,None,75.8,
J0642,"Injection, levoleucovorin (khapzory), 0.5 mg",659370.0,5.0541425907,1.2298952637,75.66560021549255,2521593.9600039897,High,0,0,None,75.7,
Q5114,"Injection, trastuzumab-dkst, biosimilar, (ogivri), 10 mg",824760.0,175.9094832,42.703744035,75.72402393653329,109862765.43372542,High,0,0,None,75.7,
J3095,"Injection, telavancin, 10 mg",131370.0,22.33387166,5.4467838928,75.61200325801461,2218456.719977064,High,0,0,None,75.6,
Q4104,"Integra bilayer matrix wound dressing (bmwd), per square centimeter",1121.0,156.37041927,38.673318466,75.26813661654,131938.450001284,High,0,0,None,75.3,
J1952,"Leuprolide injectable, camcevi, 1 mg",537148.0,181.65546605,44.839026767,75.31644505832914,73490676.72798488,High,0,0,None,75.3,
J2175,"Injection, meperidine hydrochloride, per 100 mg",5866.8,18.606678257,4.5970682484,75.29345009945264,82191.57999845447,High,0,0,None,75.3,
J7326,"Hyaluronan or derivative, gel-one, for intra-articular injection, per dose",101420.0,1614.9399652765726,401.0980603407395,75.16328352973493,123107845.9985922,High,0,0,None,75.2,
J1449,"Injection, eflapegrastim-xnst, 0.1 mg",2817151.2,82.770357562,20.714365881,74.97369047187735,174821111.43131918,Medium,0,0,None,75.0,
A9581,"Injection, gadoxetate disodium, 1 ml",92832.0,44.516147665,11.140044381,74.97527309678088,3098370.4200602877,Medium,0,0,None,75.0,
J2790,"Injection, rho d immune globulin, human, full dose, 300 micrograms (1500 i.u.)",147.0,214.10809524,53.980068027,74.78840397580849,23538.820000311,Medium,0,0,None,74.8,
P9046,"Infusion, albumin (human), 25%, 20 ml",3275.0,65.641981679,16.581951145,74.7388017228236,160671.59999884997,Medium,0,0,None,74.7,
Q9956,"Injection, octafluoropropane microspheres, per ml",17219.0,125.32291944999999,31.815808119000003,74.61293731535392,1610098.9500084885,Medium,0,0,None,74.6,
J3357,"Ustekinumab, for subcutaneous injection, 1 mg",19937.0,332.61940312,84.587573356,74.56926067374275,4945010.590004868,Medium,0,0,None,74.6,
A9589,"Instillation, hexaminolevulinate hydrochloride, 100 mg",175.0,4092.420114257143,1043.1349143171428,74.51056135016351,533624.9099895,Medium,0,0,None,74.5,
J9030,"Bcg live intravesical instillation, 1 mg",4656402.0,8.5877843923,2.2022647851,74.35584448213906,29733546.27000529,Medium,0,0,None,74.4,
J9202,"Goserelin acetate implant, per 3.6 mg",6073.0,1882.6802947,481.88463198,74.40433018093563,8507032.059698561,Medium,0,0,None,74.4,
90377,Rabies immune globulin for injection beneath the skin and/or into muscle,190.0,710.58431579,181.93868421,74.3959048677105,100442.6700002,Medium,0,0,None,74.4,
J0637,"Injection, caspofungin acetate, 5 mg",2340.0,19.307987179,4.9630555556,74.29532395278373,33567.139998756,Medium,0,0,None,74.3,
J9355,"Injection, trastuzumab, excludes biosimilar, 10 mg",323910.0,233.65317028999996,60.59320209300001,74.06703190981983,56055854.29869026,Medium,0,0,None,74.1,
J1561,"Injection, immune globulin, (gamunex-c/gammaked), non-lyophilized (e.g., liquid), 500 mg",3493569.0,147.25935023,38.108307459,74.1216381849575,381326699.34243965,Medium,0,0,None,74.1,
J0702,"Injection, betamethasone acetate 3 mg and betamethasone sodium phosphate 3 mg",2154508.2,19.924822588015854,5.183845556993074,73.98297759443544,31759555.889350235,Medium,0,0,None,74.0,
Q4197,"Puraply xt, per square centimeter",265319.1,329.4092112133024,85.68480554167849,73.98833954093804,64664739.960830145,Medium,0,0,None,74.0,
J1569,"Injection, immune globulin, (gammagard liquid), non-lyophilized, (e.g., liquid), 500 mg",5992576.0,135.77099319,35.358383405,73.95733611853386,601730195.4949563,Medium,0,0,None,74.0,
J1459,"Injection, immune globulin (privigen), intravenous, non-lyophilized (e.g., liquid), 500 mg",1366251.0,140.85893838,36.748480616,73.91114753622354,142241017.0305228,Medium,0,0,None,73.9,
J1302,"Injection, sutimlimab-jome, 10 mg",783841.0,53.340017338,13.976321142000002,73.79768166658783,30854878.989968836,Medium,0,0,None,73.8,
J1555,"Injection, immune globulin (cuvitru), 100 mg",81529.0,47.266789731,12.438229096,73.68505632223555,2839537.7200109153,Medium,0,0,None,73.7,
Q4132,"Grafix core and grafixpl core, per square centimeter",9734.0,450.12804499999993,118.47232792,73.68030514072944,3228336.7500567194,Medium,0,0,None,73.7,
J9380,"Injection, teclistamab-cqyv, 0.5 mg",1823408.0,92.840304918,24.389918389,73.72917030966015,124812982.40007083,Medium,0,0,None,73.7,
J7327,"Hyaluronan or derivative, monovisc, for intra-articular injection, per dose",97847.0,2013.3990625008369,533.8765817001007,73.48381691223327,144766836.17890963,Medium,0,0,None,73.5,
J0500,"Injection, dicyclomine hcl, up to 20 mg",341.0,61.513108503999995,16.320029326,73.46902193222967,15410.839999697997,Medium,0,0,None,73.5,
J9259,"Injection, paclitaxel protein-bound particles (american regent), not therapeutically equivalent to j9264, 1 mg",444008.0,44.869140691,11.942308697,73.38413771005106,14619776.81999195,Medium,0,0,None,73.4,
J1627,"Injection, granisetron, extended-release, 0.1 mg",1208808.0,16.339096085,4.3668551333,73.27358190084358,14472140.640342576,Medium,0,0,None,73.3,
J7354,"Cantharidin for topical administration, 0.7%, single unit dose applicator (3.2 mg)",13.0,1442.9230769,388.09076923,73.1038490240394,13712.819999710002,Medium,0,0,None,73.1,
J3055,"Injection, talquetamab-tgvs, 0.25 mg",185137.0,193.44207911,52.45313476,72.88432020513346,26102270.19012595,Medium,0,0,None,72.9,
J2010,"Injection, lincomycin hcl, up to 300 mg",24392.0,24.215493604,6.5739820433,72.85216584553086,430311.7499885944,Medium,0,0,None,72.9,
Q4169,"Artacent wound, per square centimeter",258.0,520.49100775,141.70321705,72.77508834157183,97727.25000059999,Medium,0,0,None,72.8,
Q5126,"Injection, bevacizumab-maly, biosimilar, (alymsys), 10 mg",1234339.5,166.91203855,45.563659091,72.70199352496014,149785098.02723232,Medium,0,0,None,72.7,
J0740,"Injection, cidofovir, 375 mg",220.0,1238.5100455,341.10504545,72.45843530382572,197429.10001099997,Medium,0,0,None,72.5,
J0174,"Injection, lecanemab-irmb, 1 mg",41743052.6,3.762644237,1.0383405041,72.40396809537644,113720754.02082106,Medium,0,0,None,72.4,
J2327,"Injection, risankizumab-rzaa, intravenous, 1 mg",2874047.0,40.674988721,11.223100993,72.40785714783578,84646109.56899521,Medium,0,0,None,72.4,
J1304,"Injection, tofersen, 1 mg",9706.0,424.26333608,117.68137750000001,72.2621854183012,2975684.48997748,Medium,0,0,None,72.3,
J9319,"Injection, romidepsin, lyophilized, 0.1 mg",261901.0,86.381888156,23.94442106,72.28073897069956,16352435.069909498,Medium,0,0,None,72.3,
J9274,"Injection, tebentafusp-tebn, 1 microgram",118850.0,591.0222614200001,165.1475204,72.05730965138035,50615212.97022701,Medium,0,0,None,72.1,
J9307,"Injection, pralatrexate, 1 mg",25485.0,874.6893655100001,245.31777163,71.95372651101526,16039535.070031803,Medium,0,0,None,72.0,
J7211,"Injection, factor viii, (antihemophilic factor, recombinant), (kovaltry), 1 i.u.",8128737.0,4.8567758435,1.3641601666,71.912227153211,28390554.279597078,Medium,0,0,None,71.9,
Q5129,"Injection, bevacizumab-adcd (vegzelma), biosimilar, 10 mg",1367919.0,178.52524829,50.157718315,71.90441195548834,175596383.23587206,Medium,0,0,None,71.9,
J9345,"Injection, retifanlimab-dlwr, 1 mg",25000.0,81.722512,23.0537864,71.79016425731015,1466718.14,Medium,0,0,None,71.8,
J9350,"Injection, mosunetuzumab-axgb, 1 mg",7821.0,1747.529922,494.08662319,71.7265714898586,9803180.03999301,Medium,0,0,None,71.7,
Q4159,"Affinity, per square centimeter",48990.3,877.10782951,248.93014985,71.61920786990741,30774612.979847297,Medium,0,0,None,71.6,
P9045,"Infusion, albumin (human), 5%, 250 ml",1078.0,146.50930426487014,41.611762523409084,71.59787036584358,113079.54999729502,Medium,0,0,None,71.6,
J9063,"Injection, mirvetuximab soravtansine-gynx, 1 mg",938572.0,180.79102938000003,51.633208246,71.44039257751362,121223914.49738066,Medium,0,0,None,71.4,
J3358,"Ustekinumab, for intravenous injection, 1 mg",446416.0,33.380428255,9.5668171616,71.34004067138653,10630777.009871254,Medium,0,0,None,71.3,
J9321,"Injection, epcoritamab-bysp, 0.16 mg",323142.0,146.93967723,42.169488244,71.30149661483641,33855648.40931401,Medium,0,0,None,71.3,
J9333,"Injection, rozanolixizumab-noli, 1 mg",1169287.0,61.605583308,17.711895446,71.24952886583583,51324318.59909439,Medium,0,0,None,71.2,
J9061,"Injection, amivantamab-vmjw, 2 mg",1042166.0,54.127169971,15.625775404,71.13136450257439,40124844.37031212,Medium,0,0,None,71.1,
J1750,"Injection, iron dextran, 50 mg",260240.0,45.978733285,13.333161082,71.00146061146539,8495683.71010872,Medium,0,0,None,71.0,
J2680,"Injection, fluphenazine decanoate, up to 25 mg",2769.0,19.236670278,5.5800902853,70.99243161805573,37815.0699997863,Medium,0,0,None,71.0,
J9286,"Injection, glofitamab-gxbm, 2.5 mg",1846.0,7444.5903846,2158.0571723,71.01174059536987,9758940.309905801,Medium,0,0,None,71.0,
J9359,"Injection, loncastuximab tesirine-lpyl, 0.075 mg",33147.0,547.99272966,159.31136634,70.92819708778907,12883621.14996804,Medium,0,0,None,70.9,
J2278,"Injection, ziconotide, 1 microgram",197484.5,23.789246194,6.915638847600001,70.92955871235539,3332275.910000131,Medium,0,0,None,70.9,
J0121,"Injection, omadacycline, 1 mg",858861.0,10.160635621,2.9602860183,70.86514930048587,6184099.460124525,Medium,0,0,None,70.9,
J9352,"Injection, trabectedin, 0.1 mg",14565.0,930.43571301,270.92685479,70.88172229400568,9605746.519974299,Medium,0,0,None,70.9,
J7351,"Injection, bimatoprost, intracameral implant, 1 microgram",101954.0,328.32458030433673,161.55731957592758,50.79341320525748,17002589.300304227,Medium,1,0,Low,70.8,
J9353,"Injection, margetuximab-cmkb, 5 mg",46300.0,127.38011770999998,37.29557797,70.72103665745622,4170914.189961999,Medium,0,0,None,70.7,
J2267,"Injection, mirikizumab-mrkz, 1 mg",17702.0,96.445903853,28.258704666,70.69994314214621,1207049.8000082741,Medium,0,0,None,70.7,
J0485,"Injection, belatacept, 1 mg",4815185.8,10.054609442,2.9496237071,70.66396537712478,34211826.41989304,Medium,0,0,None,70.7,
J3315,"Injection, triptorelin pamoate, 3.75 mg",19318.0,1148.8751832,337.8763987,70.59067828770557,15666874.518971002,Medium,0,0,None,70.6,
J1230,"Injection, methadone hcl, up to 10 mg",84.0,50.0,14.691190476,70.617619048,2965.940000016,Medium,0,0,None,70.6,
J9268,"Injection, pentostatin, 10 mg",45.0,6463.0273333,1902.6802222,70.56054192442201,205215.6199995,Medium,0,0,None,70.6,
J1961,"Injection, lenacapavir, 1 mg",8041.0,31.407761472,9.284870041,70.4376574265649,177890.169996671,Medium,0,0,None,70.4,
J9325,"Injection, talimogene laherparepvec, per 1 million plaque forming units",114225.0,180.13074056,53.55313828,70.26985060211757,14458326.620432999,Medium,0,0,None,70.3,
J3410,"Injection, hydroxyzine hcl, up to 25 mg",691.0,29.589782923,8.7797973951,70.32828048131606,14379.699999778903,Medium,0,0,None,70.3,
J9264,"Injection, paclitaxel protein-bound particles, 1 mg",7866261.0,35.518744255,10.618593027,70.1042555143114,195871088.49891853,Medium,0,0,None,70.1,
J1448,"Injection, trilaciclib, 1mg",2214683.0,13.710633806,4.0948655315,70.13365253976794,21295878.529474486,Medium,0,0,None,70.1,
J9032,"Injection, belinostat, 10 mg",93464.0,129.05314635,38.644106501,70.05566497681906,8449990.500446934,Medium,0,0,None,70.1,
J0202,"Injection, alemtuzumab, 1 mg",740.0,3880.9905404999995,1161.7687568,70.0651484543344,2012224.1199379999,Medium,0,0,None,70.1,
J2406,"Injection, oritavancin (kimyrsa), 10 mg",152147.6,107.33970368,32.153876236,70.04475032662955,11439343.199618734,Medium,0,0,None,70.0,
J0257,"Injection, alpha 1 proteinase inhibitor (human), (glassia), 10 mg",1588197.0,14.081785615999998,4.2319172118,69.94758102984034,15643531.449945224,Medium,0,0,None,69.9,
J9155,"Injection, degarelix, 1 mg",2340292.0,10.82088324,3.2565386712,69.90505674100594,17702775.079606093,Medium,0,0,None,69.9,
J0175,"Injection, donanemab-azbt, 2 mg",978159.0,10.974240885,3.3156874905,69.78663467254482,7491282.929810726,Medium,0,0,None,69.8,
J3032,"Injection, eptinezumab-jjmr, 1 mg",2355406.0,46.165081192,13.944950527,69.79329361730541,75891489.08912499,Medium,0,0,None,69.8,
J9349,"Injection, tafasitamab-cxix, 2 mg",1215326.0,34.890935058,10.524246466,69.83673137877989,29613470.179760985,Medium,0,0,None,69.8,
J0791,"Injection, crizanlizumab-tmca, 5 mg",63103.0,295.75980413,89.173823432,69.84924178783808,13036195.139985895,Medium,0,0,None,69.8,
J1786,"Injection, imiglucerase, 10 units",262857.0,112.87311774,34.22338979,69.67976921765145,20673631.53975315,Medium,0,0,None,69.7,
90715,"Diphtheria, tetanus, and acellular pertussis vaccine (7 years or older)",89565.5,87.95453673562554,26.63189174432923,69.72084359402679,5492393.35996795,Medium,0,0,None,69.7,
J2786,"Injection, reslizumab, 1 mg",461484.0,25.349895793000005,7.698923473000001,69.6293683576958,8145641.310122882,Medium,0,0,None,69.6,
J1566,"Injection, immune globulin, intravenous, lyophilized (e.g., powder), not otherwise specified, 500 mg",87753.0,203.78734880999997,61.90315955,69.62364940145766,12450763.260132777,Medium,0,0,None,69.6,
J0565,"Injection, bezlotoxumab, 10 mg",53239.8,102.40503402000002,31.112773902,69.61792532980012,3795585.6702302974,Medium,0,0,None,69.6,
J0875,"Injection, dalbavancin, 5 mg",1396625.0,39.22027298,11.988440412,69.43305208988885,38032658.160283,Medium,0,0,None,69.4,
J1323,"Injection, elranatamab-bcmm, 1 mg",42768.0,461.28023943,141.08180719,69.41516346671742,13694246.55004032,Medium,0,0,None,69.4,
J9207,"Injection, ixabepilone, 1 mg",4525.0,336.60346298,102.85017017,69.4447082452889,1057733.64996525,Medium,0,0,None,69.4,
90714,Diphtheria and tetanus vaccine (7 years or older),50169.5,64.9318165417074,19.838053797783886,69.44786877317472,2262331.529981271,Medium,0,0,None,69.4,
J9332,"Injection, efgartigimod alfa-fcab, 2mg",6772896.0,81.640270183,25.040028558,69.32882693568779,383347550.10099596,Medium,0,0,None,69.3,
J0256,"Injection, alpha 1 proteinase inhibitor (human), not otherwise specified, 10 mg",7076750.5,12.393901909,3.8140566945,69.22634435463483,60717423.91163549,Medium,0,0,None,69.2,
J0349,"Injection, rezafungin, 1 mg",49010.0,24.456627219,7.593535809,68.95100971608755,826460.1100041001,Medium,0,0,None,69.0,
Q4137,"Amnioexcel, amnioexcel plus or biodexcel, per square centimeter",13862.0,261.42212307,81.42459818200001,68.85321057537381,2495125.689997456,Medium,0,0,None,68.9,
J9039,"Injection, blinatumomab, 1 microgram",51142.0,373.46921161,116.23226819,68.87768400267034,13155611.76038564,Medium,0,0,None,68.9,
J2353,"Injection, octreotide, depot form for intramuscular injection, 1 mg",583588.0,524.8899152,163.94278356,68.76625387296068,210644414.65952432,Medium,0,0,None,68.8,
Q4101,"Apligraf, per square centimeter",34513.0,75.566938835,23.617933532,68.74567913413877,1792916.0200224393,Medium,0,0,None,68.7,
J9173,"Injection, durvalumab, 10 mg",3686905.0,200.91980119,62.935464724,68.67632540384359,508735140.0381777,Medium,0,0,None,68.7,
J9358,"Injection, fam-trastuzumab deruxtecan-nxki, 1 mg",8036383.0,67.614743277,21.257972701,68.56015172029623,372540762.99186665,Medium,0,0,None,68.6,
J9022,"Injection, atezolizumab, 10 mg",3084893.0,209.80691727,66.013411263,68.53611305005379,443587580.1264523,Medium,0,0,None,68.5,
J9301,"Injection, obinutuzumab, 10 mg",1040186.5,177.7957966,56.03480821,68.48361475267858,126654136.34993473,Medium,0,0,None,68.5,
J9272,"Injection, dostarlimab-gxly, 10 mg",177188.0,581.99416834,183.80145794,68.41867703515828,70554969.9703552,Medium,0,0,None,68.4,
J1306,"Injection, inclisiran, 1 mg",15517210.6,29.744022712,9.4720093559,68.15491486268066,314565100.5326165,Medium,0,0,None,68.2,
J1556,"Injection, immune globulin (bivigam), 500 mg",733163.0,182.16434115,57.902950504,68.21389403740612,91103853.9501933,Medium,0,0,None,68.2,
J0222,"Injection, patisiran, 0.1 mg",117726.0,243.97953986,77.859825527,68.08755948483326,19556609.48956676,Medium,0,0,None,68.1,
J9317,"Injection, sacituzumab govitecan-hziy, 2.5 mg",2810827.0,83.389191476,26.635503202,68.05880626667799,159524799.3501426,Medium,0,0,None,68.1,
J3380,"Injection, vedolizumab, intravenous, 1 mg",19489392.0,53.673981213,17.177597109,67.99641703336228,711292336.3854247,Medium,0,0,None,68.0,
J9200,"Injection, floxuridine, 500 mg",44.0,6384.75,2045.4620455000002,67.96331813305142,190928.66999799997,Medium,0,0,None,68.0,
J9299,"Injection, nivolumab, 1 mg",23670315.0,75.800459038,24.248659003999997,68.00987842059934,1220247345.621791,Medium,0,0,None,68.0,
J0172,"Injection, aducanumab-avwa, 2 mg",25680.0,5.887680296,1.8876226636000002,67.93945036583555,102721.480000032,Medium,0,0,None,67.9,
J9205,"Injection, irinotecan liposome, 1 mg",480140.0,152.36204407,48.960908902,67.86541608781135,49647021.03956352,Medium,0,0,None,67.9,
J9203,"Injection, gemtuzumab ozogamicin, 0.1 mg",3901.0,557.9732889,178.86729044,67.94339549969808,1478892.4999924595,Medium,0,0,None,67.9,
J9223,"Injection, lurbinectedin, 0.1 mg",193969.1,486.99681449,156.63333505,67.83688714390628,64080306.779845305,Medium,0,0,None,67.8,
J9227,"Injection, isatuximab-irfc, 10 mg",432877.8,185.23799938,59.650044608,67.7981597687022,54364237.56820285,Medium,0,0,None,67.8,
J9271,"Injection, pembrolizumab, 1 mg",38018750.0,136.00850386,44.037890408,67.62122282197126,3496607760.178224,Medium,0,0,None,67.6,
J9303,"Injection, panitumumab, 10 mg",314643.0,371.95935104,120.34070057,67.6468140312841,79170047.0398322,Medium,0,0,None,67.6,
J9312,"Injection, rituximab, 10 mg",3292557.8,184.22581886,59.944568764,67.46136392013864,409203199.3973355,Medium,0,0,None,67.5,
J2329,"Injection, ublituximab-xiiy, 1mg",237436.0,150.90832009,48.99266257,67.53481680746208,24198446.05891872,Medium,0,0,None,67.5,
J1300,"Injection, eculizumab, 10 mg",583090.0,534.04086002,173.79616505,67.456391811763,210055079.19005728,Medium,0,0,None,67.5,
J9023,"Injection, avelumab, 10 mg",426492.0,223.21761472999998,72.650215362,67.453188920652,64215791.29125705,Medium,0,0,None,67.5,
J9035,"Injection, bevacizumab, 10 mg",709756.9,165.74076357887031,53.84729819503427,67.51113182279373,79417159.12108879,Medium,0,0,None,67.5,
J2350,"Injection, ocrelizumab, 1 mg",4887519.0,132.2290735,42.957644674,67.51270841052971,436315804.5442227,Medium,0,0,None,67.5,
J9347,"Injection, tremelimumab-actl, 1 mg",128006.0,323.11199819,105.64402137,67.30420969762999,27837205.84082092,Medium,0,0,None,67.3,
J9179,"Injection, eribulin mesylate, 0.1 mg",68168.0,324.74855372,106.26776259,67.27690966666331,14893398.56974984,Medium,0,0,None,67.3,
J2356,"Injection, tezepelumab-ekko, 1 mg",9050770.0,42.922640005,14.049545865,67.26774992553257,261323734.2494878,Medium,0,0,None,67.3,
J1640,"Injection, hemin, 1 mg",102923.0,75.273715302,24.770410987,67.09288111046399,5197951.590012744,Medium,0,0,None,67.1,
J0896,"Injection, luspatercept-aamt, 0.25 mg",8333762.0,95.612429691,31.409623807,67.14901618073137,535050903.9694556,Medium,0,0,None,67.1,
J9229,"Injection, inotuzumab ozogamicin, 0.1 mg",2081.0,6138.9810235,2019.3074483,67.1067976823825,8573040.709991202,Medium,0,0,None,67.1,
J9273,"Injection, tisotumab vedotin-tftv, 1 mg",15330.0,421.45441292,138.53303457,67.12977007164564,4337184.730105499,Medium,0,0,None,67.1,
J9145,"Injection, daratumumab, 10 mg",1397149.5,147.95385574,48.608990462,67.14584407491157,138799628.85072505,Medium,0,0,None,67.1,
J9308,"Injection, ramucirumab, 5 mg",704943.2,163.90542387,54.030870813,67.0353368807038,77455319.03057134,Medium,0,0,None,67.0,
J0588,"Injection, incobotulinumtoxin a, 1 unit",4041923.6,12.217475503,4.0266861971,67.04158566873126,33106544.598144826,Medium,0,0,None,67.0,
Q4160,"Nushield, per square centimeter",9523.0,228.3194949095464,75.60397983832154,66.88676108526182,1454309.850023274,Medium,0,0,None,66.9,
J9309,"Injection, polatuzumab vedotin-piiq, 1 mg",547329.0,299.59864831,99.064807218,66.93416082588733,109757986.71104327,Medium,0,0,None,66.9,
J9047,"Injection, carfilzomib, 1 mg",3376290.0,113.92909026,37.762415729,66.85445688820863,257160781.55227,Medium,0,0,None,66.9,
J9306,"Injection, pertuzumab, 1 mg",6371992.0,36.525186187,12.141075571,66.75971613439376,155375357.77226707,Medium,0,0,None,66.8,
90632,Hepatitis a vaccine adult dosage,83.0,153.66614458,51.019036145,66.7987790775612,8519.710000105,Medium,0,0,None,66.8,
J2323,"Injection, natalizumab, 1 mg",3371659.0,52.522587263,17.430003209,66.81427150242708,118320226.85892558,Medium,0,0,None,66.8,
J1454,"Injection, fosnetupitant 235 mg and palonosetron 0.25 mg",32300.0,1619.0953867,538.54510774,66.73790116605487,34901774.010408,Medium,0,0,None,66.7,
J2407,"Injection, oritavancin (orbactiv), 10 mg",22372.0,64.403690774,21.533114608,66.56540277549901,959100.5299857518,Medium,0,0,None,66.6,
J9204,"Injection, mogamulizumab-kpkc, 1 mg",85473.0,553.6518724,185.03642554,66.57892174411077,31506668.08946478,Medium,0,0,None,66.6,
Q4186,"Epifix, per square centimeter",174978.0,359.45576918497835,120.00335510722748,66.61526524408822,41898904.51049669,Medium,0,0,None,66.6,
J9177,"Injection, enfortumab vedotin-ejfv, 0.25 mg",6019150.0,85.339264408,28.475646731000005,66.63242069340993,342270644.34051454,Medium,0,0,None,66.6,
J9043,"Injection, cabazitaxel, 1 mg",209437.0,493.04829342,165.33105402,66.46757402339007,68636115.46821779,Medium,0,0,None,66.5,
J9354,"Injection, ado-trastuzumab emtansine, 1 mg",1330260.0,90.689895517,30.404350217000005,66.47437948442597,80195449.490778,Medium,0,0,None,66.5,
90375,Rabies immune globulin for injection,533.0,668.72643527,223.94101313,66.51231335881268,237070.63000062003,Medium,0,0,None,66.5,
J3385,"Injection, velaglucerase alfa, 100 units",34872.0,839.36739562,282.16090273,66.3841001923143,19430904.82006008,Medium,0,0,None,66.4,
J0585,"Injection, onabotulinumtoxina, 1 unit",57258981.9,14.375029149700715,4.85013830000782,66.25997589640505,545385552.7620411,Medium,0,0,None,66.3,
J0584,"Injection, burosumab-twza 1 mg",29138.0,1060.0376018,359.5444327,66.08191708582086,20410969.9612358,Medium,0,0,None,66.1,
J3000,"Injection, streptomycin, up to 1 gm",123.0,48.577235772,16.465284553,66.10493723792614,3949.7699999370006,Medium,0,0,None,66.1,
J3247,"Injection, secukinumab, intravenous, 1 mg",2636558.0,40.336736374,13.698758331999999,66.0390017551597,70232574.11045943,Medium,0,0,None,66.0,
J3245,"Injection, tildrakizumab, 1 mg",2645812.0,313.84338388,106.90381602,65.93720896761828,547523191.9188023,Medium,0,0,None,65.9,
J9176,"Injection, elotuzumab, 1 mg",4413566.0,17.067164823,5.8141885541,65.93348330318636,49665753.459223896,Medium,0,0,None,65.9,
90744,"Hepatitis b vaccine, pediatric or adolescent dosage (3 dose schedule)",54.0,86.94037037,29.697962962999995,65.84099787404666,3091.089999978,Medium,0,0,None,65.8,
Q4133,"Grafix prime, grafixpl prime, stravix and stravixpl, per square centimeter",57255.0,314.83499432678536,108.16409273913021,65.64419626527905,11832942.470401196,Medium,0,0,None,65.6,
Q4196,"Puraply am, per square centimeter",97545.0,234.85506227803046,81.14104054578583,65.4505890744957,14994034.249871803,Medium,0,0,None,65.5,
J2794,"Injection, risperidone (risperdal consta), 0.5 mg",53631.0,20.915617087,7.2113186403,65.5218461386819,734975.2299949678,Medium,0,0,None,65.5,
J1440,"Fecal microbiota, live - jslm, 1 ml",29707.0,142.56092738999996,49.221566634,65.47331198306115,2772832.389978491,Medium,0,0,None,65.5,
J0491,"Injection, anifrolumab-fnia, 1 mg",2980317.0,37.287675969,12.95777679,65.24917025997341,72510812.13145974,Medium,0,0,None,65.2,
J0638,"Injection, canakinumab, 1 mg",114487.0,258.55269175,90.001076716,65.19043135585534,19296968.75039756,Medium,0,0,None,65.2,
J0180,"Injection, agalsidase beta, 1 mg",86294.0,460.80475085,161.4078987,64.97260533832015,25836151.9594321,Medium,0,0,None,65.0,
J2796,"Injection, romiplostim, 10 micrograms",1501572.8,219.35431982999998,77.039195183,64.87910735347928,213696520.19854477,Medium,0,0,None,64.9,
J3240,"Injection, thyrotropin alpha, 0.9 mg, provided in 1.1 mg vial",1122.0,4207.7552763,1484.2615062,64.72557435647366,3055760.0100522004,Medium,0,0,None,64.7,
J9228,"Injection, ipilimumab, 1 mg",1071793.0,380.06268486,134.82985977,64.52431003068192,262838825.30168635,Medium,0,0,None,64.5,
J0129,"Injection, abatacept, 10 mg (code may be used for medicare when drug administered under the direct supervision of a physician, not for use when drug is self administered)",16527204.0,94.647259605,33.56888534,64.53263889509736,1009454751.4660051,Medium,0,0,None,64.5,
J9042,"Injection, brentuximab vedotin, 1 mg",259495.0,521.15257593,185.43057647,64.41913845689086,87118180.2498727,Medium,0,0,None,64.4,
J0741,"Injection, cabotegravir and rilpivirine, 2mg/3mg",267333.0,41.952247571,14.983878384,64.28349075066532,7209535.039868271,Medium,0,0,None,64.3,
J0219,"Injection, avalglucosidase alfa-ngpt, 4 mg",290003.0,167.10146954,59.746634793,64.2452966108128,31133224.141134243,Medium,0,0,None,64.2,
Q4190,"Artacent ac, per square centimeter",18517.0,772.16653616,277.44514932,64.06926014953453,9160755.92011628,Medium,0,0,None,64.1,
J1301,"Injection, edaravone, 1 mg",53262.0,47.347378994,17.096760354,63.89079877860493,1611208.45000368,Medium,0,0,None,63.9,
J0587,"Injection, rimabotulinumtoxinb, 100 units",401788.0,27.550713237,9.9698928539,63.81257803333145,7063762.660084983,Medium,0,0,None,63.8,
J9281,"Mitomycin pyelocalyceal instillation, 1 mg",72795.0,619.685255165824,226.8324286047263,63.39554205722915,28597721.509515107,Medium,0,0,None,63.4,
J2799,"Injection, risperidone (uzedy), 1 mg",1332.0,18.55759009,6.8099399399000005,63.303748456166055,15647.8699999332,Medium,0,0,None,63.3,
A9606,"Radium ra-223 dichloride, therapeutic, per microcurie",132313.8,369.37092858,137.72843415,62.71270327649239,30649498.679512132,Medium,0,0,None,62.7,
J2860,"Injection, siltuximab, 10 mg",20250.0,309.41464691,115.57838025,62.6461185970881,3925184.3998649996,Medium,0,0,None,62.6,
J0739,"Injection, cabotegravir, 1mg, fda approved prescription, only for use as hiv pre-exposure prophylaxis (not for use as treatment for hiv)",79445.0,11.850616653,4.446591856,62.47797067273846,588212.7499976649,Medium,0,0,None,62.5,
J7207,"Injection, factor viii, (antihemophilic factor, recombinant), pegylated, 1 i.u.",4244777.0,4.6599816198,1.7483360327,62.48191140343947,12359286.220273575,Medium,0,0,None,62.5,
Q4180,"Revita, per square centimeter",50611.0,1061.0372903,397.76339648999993,62.511836282630995,33568955.03961792,Medium,0,0,None,62.5,
J0586,"Injection, abobotulinumtoxina, 5 units",1302185.0,17.042228493,6.4230580064,62.31092659602449,13828124.520093221,Medium,0,0,None,62.3,
J9153,"Injection, liposomal, 1 mg daunorubicin and 2.27 mg cytarabine",6567.0,481.26859449,182.3077996,62.119323453218165,1963275.54004263,Medium,0,0,None,62.1,
Q4187,"Epicord, per square centimeter",5982.4,503.2336570580255,191.1287944649325,62.01987053443558,1867136.1299769194,Medium,0,0,None,62.0,
J7345,"Aminolevulinic acid hcl for topical administration, 10% gel, 10 mg",9481811.0,3.4361909397,1.3068396523,61.968363364170465,20190106.45973348,Medium,0,0,None,62.0,
Q9965,"Low osmolar contrast material, 100-199 mg/ml iodine concentration, per ml",2178513.0,2.8113613093,1.0800238374,61.58359888402553,3771741.189921285,Medium,0,0,None,61.6,
J0695,"Injection, ceftolozane 50 mg and tazobactam 25 mg",20863.0,15.667839237000003,6.086509131,61.15284922871462,199895.29000147805,Medium,0,0,None,61.2,
90660,"Influenza vaccine, trivalent for nasal administration",115.0,69.85573913,27.243043478,61.00099459644783,4900.45999998,Medium,0,0,None,61.0,
J2781,"Injection, pegcetacoplan, intravitreal, 1 mg",2710369.0,297.4869134965308,116.58144331143014,60.811236386440356,490320578.32012117,Medium,0,0,None,60.8,
J2782,"Injection, avacincaptad pegol, 0.1 mg",1736751.0,219.3941555708463,86.2157740746591,60.70279363170252,231297687.24188462,Medium,0,0,None,60.7,
J3262,"Injection, tocilizumab, 1 mg",56601163.9,11.80877948,4.6523052136,60.602996935632504,405064772.89863867,Medium,0,0,None,60.6,
J0775,"Injection, collagenase, clostridium histolyticum, 0.01 mg",1022640.9,136.63027619,53.968238519,60.50052739119768,84533580.59970532,Medium,0,0,None,60.5,
J7209,"Injection, factor viii, (antihemophilic factor, recombinant), (nuwiq), 1 i.u.",12232472.0,2.7026762342,1.0709560275,60.37423891371117,19959971.740291964,Medium,0,0,None,60.4,
Q4154,"Biovance, per square centimeter",1577.0,294.53708307,117.00368421,60.275397925974296,279970.17000221997,Medium,0,0,None,60.3,
J0223,"Injection, givosiran, 0.5 mg",54082.0,218.73757073,86.999859288,60.22637583582346,7124638.910206242,Medium,0,0,None,60.2,
90675,Rabies vaccine for injection into muscle,2112.0,617.2918892,251.10903409,59.320859631667425,773378.18999232,Medium,0,0,None,59.3,
Q4210,"Axolotl graft or axolotl dualgraft, per square centimeter",10699.0,1623.3209347,663.83254042,59.106512690746484,10265566.33040172,Medium,0,0,None,59.1,
J2777,"Injection, faricimab-svoa, 0.1 mg",54021309.0,66.47272411942029,27.314735525973592,58.908355437785545,2115365801.6250596,Medium,0,0,None,58.9,
Q4282,"Cygnus dual, per square centimeter",206775.0,1479.9811681436677,608.9589098782817,58.853604154835594,180105627.4528252,Medium,0,0,None,58.9,
J2507,"Injection, pegloticase, 1 mg",73733.0,6355.855997,2636.0341284,58.52589911344399,274273625.83748376,Medium,0,0,None,58.5,
J1303,"Injection, ravulizumab-cwvz, 10 mg",1230566.0,412.88717787,171.57051267,58.44615142686267,296956083.4285032,Medium,0,0,None,58.4,
Q4222,"Progenamatrix, per square centimeter",6319.0,193.67131508000003,80.488067732,58.44089368693929,715204.9399920121,Medium,0,0,None,58.4,
J7192,"Factor viii (antihemophilic factor, recombinant) per i.u., not otherwise specified",30387974.0,3.3721739491,1.4102952609,58.17845454632037,59617518.56817571,Medium,0,0,None,58.2,
J9357,"Injection, valrubicin, intravesical, 200 mg",1310.0,2584.8955496,1084.5103206,58.04432713856378,1965504.64999,Medium,0,0,None,58.0,
J1460,"Injection, gamma globulin, intramuscular, 1 cc",940.5,85.72599681,36.202721956,57.769261013974095,46576.640000187,Medium,0,0,None,57.8,
J0179,"Injection, brolucizumab-dbll, 1 mg",40461.0,605.87158869,256.20500334,57.71298603158469,14147859.709846348,Medium,0,0,None,57.7,
J1554,"Injection, immune globulin (asceniv), 500 mg",94549.0,896.3822054200001,384.45684883,57.11016500490852,48402030.54022792,Medium,0,0,None,57.1,
Q4252,"Vendaje, per square centimeter",586.0,369.19631399,159.44812287,56.81210325563576,122912.43999632001,Medium,0,0,None,56.8,
J1645,"Injection, dalteparin sodium, per 2500 iu",694.0,32.167146974,14.036974063,56.362390253802175,12582.340000233997,Medium,0,0,None,56.4,
90747,"Hepatitis b vaccine, dialysis or immunosuppressed patient dosage (4 dose schedule)",187.0,305.96213904,134.29588235,56.10702593092971,32101.590001030003,Medium,0,0,None,56.1,
Q4278,"Epieffect, per square centimeter",178423.0,737.8576239607727,324.23793541033416,56.056842826960896,73799265.6902349,Medium,0,0,None,56.1,
J7186,"Injection, antihemophilic factor viii/von willebrand factor complex (human), per factor viii i.u.",1474299.0,3.5097564877,1.5422857574999997,56.057186220611996,2900640.13006313,Medium,0,0,None,56.1,
J7308,"Aminolevulinic acid hcl for topical administration, 20%, single unit dosage form (354 mg)",102752.0,688.1694803,302.74058422,56.00784503142692,39603589.93001216,Medium,0,0,None,56.0,
Q4158,"Kerecis omega3, per square centimeter",75104.2,307.3447610153308,135.3138616772157,55.97326558285922,12920243.070069663,Medium,0,0,None,56.0,
Q4194,"Novachor, per square centimeter",56670.0,1756.7787053,773.91404959,55.94698141233213,55698940.0390857,Medium,0,0,None,55.9,
Q4227,"Amniocore, per square centimeter",13747.0,718.97076744,318.75834728,55.664630369467524,5501720.1399395205,Medium,0,0,None,55.7,
J1747,"Injection, spesolimab-sbzo, 1 mg",57902.0,105.46937999,46.869912784,55.56064443685557,3393026.350161812,Medium,0,0,None,55.6,
J7203,"Injection factor ix, (antihemophilic factor, recombinant), glycopegylated, (rebinyn), 1 iu",795553.0,9.1867127017,4.1304523646,55.03884252486028,4022523.0799609157,Medium,0,0,None,55.0,
J3396,"Injection, verteporfin, 0.1 mg",122598.0,19.791934534,8.9508979755,54.77502231970549,1329089.399998983,Medium,0,0,None,54.8,
90672,"Influenza vaccine, quadrivalent for nasal administration",18.0,55.382777778,25.104444444,54.671026894623594,545.010000012,Medium,0,0,None,54.7,
Q4199,"Cygnus matrix, per square centimeter",885.0,541.45366102,246.94816949,54.39163362109425,260637.36000405002,Medium,0,0,None,54.4,
J1305,"Injection, evinacumab-dgnb, 5mg",72462.0,311.19979148,142.63525103,54.16601972910807,12214523.730087899,Medium,0,0,None,54.2,
90746,"Hepatitis b vaccine, adult dosage (3 dose schedule)",28823.0,147.48966658275683,67.74928112986375,54.065065913041806,2298357.1299087373,Medium,0,0,None,54.1,
J7187,"Injection, von willebrand factor complex (humate-p), per iu vwf:rco",14040113.0,2.9776265725,1.3680798801,54.05468594568031,22598217.440072242,Medium,0,0,None,54.1,
J2403,"Chloroprocaine hcl ophthalmic, 3% gel, 1 mg",73644452.0,1.1012307925315448,0.5087204296054385,53.80437660701662,43635100.98201421,Medium,0,0,None,53.8,
Q4173,"Palingen or palingen xplus, per square centimeter",14996.0,650.03295679,302.9202620699999,53.399245545043726,5205301.97002112,Medium,0,0,None,53.4,
J1205,"Injection, chlorothiazide sodium, per 500 mg",348.0,100.32183908,46.731321839,53.41859532525627,18649.499999868,Medium,0,0,None,53.4,
J7179,"Injection, von willebrand factor (recombinant), (vonvendi), 1 i.u. vwf:rco",7092003.0,3.1612043988,1.4762824508,53.30000010880662,11949471.509981843,Medium,0,0,None,53.3,
90688,"Influenza vaccine, quadrivalent, 0.5 ml dosage",10373.0,42.979360841,20.111909766,53.20565645356383,237204.070000975,Medium,0,0,None,53.2,
Q4304,"Grafix plus, per square centimeter",34506.2,1984.4461965999997,931.61860419,53.05397517019282,36329079.469217926,Medium,0,0,None,53.1,
90658,"Influenza vaccine, trivalent, 0.5 ml dosage",94285.0,45.03070594517917,21.172470594655056,52.982148180331365,2249473.720024166,Medium,0,0,None,53.0,
J0225,"Injection, vutrisiran, 1 mg",21002.5,7953.8439838,3760.2678043000005,52.72389285031578,88075583.70994875,Medium,0,0,None,52.7,
J7183,"Injection, von willebrand factor complex (human), wilate, 1 i.u. vwf:rco",1894819.0,2.8593717289,1.3578524703,52.51220900815279,2845107.220061193,Medium,0,0,None,52.5,
91319,Sarscv2 vac 10mcg trs-suc im,117.0,177.6117094,84.785128205,52.26377332248118,10860.709999814999,Medium,0,0,None,52.3,
Q4332,"Axolotl dualgraft, per square centimeter",18683.0,2783.8880132,1342.9206632,51.760966790601934,26921593.000049997,Medium,0,0,None,51.8,
J7185,"Injection, factor viii (antihemophilic factor, recombinant) (xyntha), per i.u.",3743819.0,2.9437877072,1.4354332514,51.238560855146694,5647006.070358699,Medium,0,0,None,51.2,
Q4253,"Zenith amniotic membrane, per square centimeter",22911.0,422.69676836,206.3792676,51.17557477415298,4956050.25991236,Medium,0,0,None,51.2,
J3241,"Injection, teprotumumab-trbw, 10 mg",579432.0,518.54770127,253.57881455,51.09826657625749,153531451.96994302,Medium,0,0,None,51.1,
Q4248,"Dermacyte amniotic membrane allograft, per square centimeter",28540.0,1729.661322,847.58462649,50.99707580268132,25174468.889855396,Medium,0,0,None,51.0,
Q4229,"Cogenex amniotic membrane, per square centimeter",62994.2,1404.7147649,688.87379505,50.959880805478676,45093829.22292487,Medium,0,0,None,51.0,
Q4310,"Procenta, per 100 mg",4207.0,4141.3678203,2037.9632778999999,50.79009239627573,8849022.909876801,Medium,0,0,None,50.8,
J7214,"Injection, factor viii/von willebrand factor complex, recombinant (altuviiio), per factor viii i.u.",13455044.1,8.4468637052,4.1867682232,50.434050207030445,57319772.580520764,Medium,0,0,None,50.4,
J7190,"Factor viii (antihemophilic factor, human) per i.u.",8350161.0,2.4996446248,1.2569555006,49.71463190690274,10376654.260018999,Medium,0,0,None,49.7,
J7201,"Injection, factor ix, fc fusion protein, (recombinant), alprolix, 1 i.u.",15323107.0,6.0928294294,3.0878968182,49.31916519277834,46044903.929207,Medium,0,0,None,49.3,
Q0224,"Injection, pemivibart, for the pre-exposure prophylaxis only, for certain adults and adolescents (12 years of age and older weighing at least 40 kg) with no known sars-cov-2 exposure, and who either have moderate-to-severe immune compromise due to a medica",23603.0,387.84834513,199.00732576000001,48.689396703936886,4457214.580190109,Medium,0,0,None,48.7,
J7205,"Injection, factor viii fc fusion protein (recombinant), per iu",8024047.7,3.9414615943,2.0422686234,48.18499243140019,15239214.990006313,Medium,0,0,None,48.2,
90739,"Hepatitis b vaccine (hepb), cpg-adjuvanted, adult dosage, 2 dose or 4 dose schedule, for intramuscular use",18999.0,297.0685057063935,153.92965524121166,48.18378512552676,2719495.01998799,Medium,0,0,None,48.2,
91318,Sarscov2 vac 3mcg trs-suc im,340.0,117.22147059,60.815029412,48.11954746352751,19178.190000519997,Medium,0,0,None,48.1,
J7208,"Injection, factor viii, (antihemophilic factor, recombinant), pegylated-aucl, (jivi), 1 i.u.",5860818.1,4.524877346,2.3681770588,47.66317675122237,12640028.079496957,Medium,0,0,None,47.7,
Q4256,"Mlg-complete, per square centimeter",15253.0,1905.9870006,996.76645578,47.70339695568646,13868340.97013946,Medium,0,0,None,47.7,
J7170,"Injection, emicizumab-kxwh, 0.5 mg",4084546.5,78.156479619,41.573266929,46.807651609101576,149425833.35169506,Medium,0,0,None,46.8,
Q4217,"Woundfix, biowound, woundfix plus, biowound plus, woundfix xplus or biowound xplus, per square centimeter",12455.0,996.2498418300002,530.58188037,46.742086363057275,5799894.459984302,Medium,0,0,None,46.7,
J0802,"Injection, corticotropin (ani), up to 40 units",146.0,4909.2338356,2633.3705479,46.35882836128638,332276.0400042,Medium,0,0,None,46.4,
J1823,"Injection, inebilizumab-cdon, 1 mg",54956.0,677.8494755800001,363.15165769,46.42591448798124,17294533.279962845,Medium,0,0,None,46.4,
J7202,"Injection, factor ix, albumin fusion protein, (recombinant), idelvion, 1 i.u.",10520703.4,8.7729125032,4.733315166,46.0462512959809,42499405.440111,Medium,0,0,None,46.0,
Q2043,"Sipuleucel-t, minimum of 50 million autologous cd54+ cells activated with pap-gm-csf, including leukapheresis and all other preparatory procedures, per infusion",1616.0,78725.071293,42520.997172,45.98798518232547,58505783.779535994,Medium,0,0,None,46.0,
J7195,"Injection, factor ix (antihemophilic factor, recombinant) per iu, not otherwise specified",18750546.0,2.6994005497,1.4800335009,45.17177152295962,22863797.93940864,Medium,0,0,None,45.2,
Q4111,"Gammagraft, per square centimeter",62.0,10.0,5.5053225806,44.94677419400001,278.6700000028,Medium,0,0,None,44.9,
Q4259,"Celera dual layer or celera dual membrane, per square centimeter",17215.0,1736.5394749,969.00705315,44.198961949551936,13213070.640426248,Medium,0,0,None,44.2,
Q4257,"Relese, per square centimeter",27681.0,1307.0796644,731.48647809,44.03658032383355,15932994.99024711,Medium,0,0,None,44.0,
90656,"Influenza vaccine, trivalent, split virus, preservative-free, 0.5 ml dosage",482421.0,38.282994418106206,21.518619981757634,43.79065611549902,8087486.2799577145,Medium,0,0,None,43.8,
Q4266,"Neostim membrane, per square centimeter",16887.0,2139.5856765418425,1204.4602652634037,43.70591098692799,15791462.820258997,Medium,0,0,None,43.7,
Q4236,"Carepatch, per square centimeter",116019.0,1093.0147056294056,618.7544091022362,43.39011122947972,55023205.34278567,Medium,0,0,None,43.4,
90686,"Influenza vaccine, quadrivalent, preservative free, 0.5 ml dosage",61348.0,37.668850981300075,21.410879572094636,43.160253062341546,997394.0300119353,Medium,0,0,None,43.2,
Q4283,"Biovance tri-layer or biovance 3l, per square centimeter",25177.2,1744.0533097,990.0733814700001,43.231472572343236,18983103.449032355,Medium,0,0,None,43.2,
90740,"Hepatitis b vaccine, dialysis or immunosuppressed patient dosage",636.0,250.53515723,142.23611635,43.22708320755865,68878.18999968,Medium,0,0,None,43.2,
J1212,"Injection, dmso, dimethyl sulfoxide, 50%, 50 ml",4927.0,902.7826628736148,513.8904586992348,43.07705721070354,1916071.8899671698,Medium,0,0,None,43.1,
Q4188,"Amnioarmor, per square centimeter",11313.0,1134.4294926,648.89215151,42.80013383442602,5492883.939751171,Medium,0,0,None,42.8,
J9029,"Intravesical instillation, nadofaragene firadenovec-vncg, per therapeutic dose",508.0,59230.189803,33976.082224,42.63722210412516,12829086.650132002,Medium,0,0,None,42.6,
J0714,"Injection, ceftazidime and avibactam, 0.5 g/0.125 g",1905.0,133.09173228,76.772262467,42.31627979303359,107288.589993765,Medium,0,0,None,42.3,
J7189,"Factor viia (antihemophilic factor, recombinant), (novoseven rt), 1 microgram",23647932.0,3.7710155548,2.1986518813,41.69602725447766,37183149.2301982,Medium,0,0,None,41.7,
Q4234,"Xcellerate, per square centimeter",9002.0,844.39361253,494.0423828,41.49145902232326,3153861.7700294605,Medium,0,0,None,41.5,
90756,"Influenza vaccine, quadrivalent derived from cell cultures",5516.0,52.426711385,31.113415518,40.65350525323628,117564.14000237199,Medium,0,0,None,40.7,
90759,"Vaccine for hepatitis b (3 dose schedule) for injection into muscle, 10 mcg dosage",1417.0,119.96669019,71.992900494,39.98925836831908,67978.859999232,Low,0,0,None,40.0,
90671,"Pneumococcal conjugate vaccine, 15 valent (pcv15), for intramuscular use",11945.0,405.71239096000005,245.05835412,39.59801091109373,1919012.4700538006,Low,0,0,None,39.6,
J3250,"Injection, trimethobenzamide hcl, up to 200 mg",686.0,50.051443149,30.906661807999996,38.25020845853974,13133.319999926003,Low,0,0,None,38.3,
91321,Sarscov2 vac 25 mcg/.25ml im,649.0,221.3052388267026,138.48004622619416,37.42577131911745,53753.54999772998,Low,0,0,None,37.4,
90670,"Pneumococcal vaccine, 13-valent",9876.0,389.21666666224786,243.93647226020653,37.326303533684936,1434787.1999145602,Low,0,0,None,37.3,
Q4161,"Bio-connekt wound matrix, per square centimeter",11529.0,2112.8496262,1329.6819689,37.06689049653485,9029139.9210117,Low,0,0,None,37.1,
J0596,"Injection, c1 esterase inhibitor (recombinant), ruconest, 10 units",1339.0,39.548752801,25.012755788000003,36.75462810709027,19463.700000406996,Low,0,0,None,36.8,
Q4263,"Surgraft tl, per square centimeter",13716.0,1182.0017723631233,760.2580016002756,35.68046855967688,5784637.559783219,Low,0,0,None,35.7,
90677,"Pneumococcal conjugate vaccine, 20 valent (pcv20), for intramuscular use",1632568.5,443.3696241434341,287.29209588808453,35.20257585460052,254807256.1875437,Low,0,0,None,35.2,
J1980,"Injection, hyoscyamine sulfate, up to 0.25 mg",29.0,28.793103448,18.778275862,34.782035927758386,290.42999999399996,Low,0,0,None,34.8,
90732,"Pneumococcal vaccine, 23-valent",81415.5,196.76206004852386,128.28759929095492,34.80064232946247,5574882.459807855,Low,0,0,None,34.8,
Q4268,"Surgraft ft, per square centimeter",40465.3,1370.7119045,904.4766679099998,34.01409406742335,18866348.719185334,Low,0,0,None,34.0,
Q4294,"Amnio quad-core, per square centimeter",109079.5,2655.1115003,1759.141048,33.74511587173513,97732008.95165785,Low,0,0,None,33.7,
Q4295,"Amnio tri-core amniotic, per square centimeter",81371.0,2319.4300852,1544.3047573,33.41878390066509,63072723.05655092,Low,0,0,None,33.4,
Q4267,"Neostim dl, per square centimeter",53529.0,970.98210447,648.72934876,33.18833109554559,17249867.76040059,Low,0,0,None,33.2,
90743,"Hepatitis b vaccine, adolescent dosage",58.0,102.69155172,68.733793103,33.06772373017562,1969.5499997860006,Low,0,0,None,33.1,
Q4301,"Activate matrix, per square centimeter",24823.0,2844.3557185,1915.3067691,32.66289597174376,23061782.070956197,Low,0,0,None,32.7,
Q4280,"Xcell amnio matrix, per square centimeter",13731.0,2301.4079091,1554.6521878,32.447777655897156,10253702.809170296,Low,0,0,None,32.4,
J1670,"Injection, tetanus immune globulin, human, up to 250 units",317.0,139.92608833,94.700063091,32.32136750106205,14336.650000762998,Low,0,0,None,32.3,
Q4164,"Helicoll, per square centimeter",418887.0,1779.1114186924362,1212.2245136457227,31.86348528207126,237461554.9943027,Low,0,0,None,31.9,
Q4281,"Barrera sl or barrera dl, per square centimeter",92969.0,1556.2321154,1065.0705949,31.560942332420396,45662795.3993645,Low,0,0,None,31.6,
Q4276,"Orion, per square centimeter",173741.3,1546.4016179,1058.3222097,31.56226704307304,84799550.88389865,Low,0,0,None,31.6,
90674,"Influenza vaccine, quadrivalent derived from cell cultures, preservative and antibiotic free",21706.0,47.881657606,32.756066525,31.589531017206525,328316.0800041859,Low,0,0,None,31.6,
Q4265,"Neostim tl, per square centimeter",132217.9,2408.29059610104,1652.1193759629236,31.398670134008665,99979370.76709947,Low,0,0,None,31.4,
Q4205,"Membrane graft or membrane wrap, per square centimeter",1107302.1,1506.8006324336297,1037.6575271321365,31.1350483403887,519483145.7008647,Low,0,0,None,31.1,
Q4239,"Amnio-maxx or amnio-maxx lite, per square centimeter",97017.0,2749.502104044621,1902.4654633833266,30.806910073473727,82176953.7670368,Low,0,0,None,30.8,
90661,"Influenza vaccine, trivalent derived from cell cultures",316847.5,51.19486794076571,35.48542645864223,30.685578680073682,4977497.26000712,Low,0,0,None,30.7,
Q4106,"Dermagraft, per square centimeter",1603.0,49.506974422999996,34.67095446,29.96753515219356,23782.140000688996,Low,0,0,None,30.0,
Q4191,"Restorigin, per square centimeter",493817.6,1683.5491546908556,1180.4420614893668,29.88371867846488,248443137.30773553,Low,0,0,None,29.9,
Q4298,"Amnicore pro, per square centimeter",6129.0,2397.7470713,1689.4774596,29.53896264446247,4340984.450109299,Low,0,0,None,29.5,
Q4271,"Complete ft, per square centimeter",713832.9,1829.7177440297912,1304.0050964331979,28.731898639117848,375270983.8005543,Low,0,0,None,28.7,
Q4221,"Amniowrap2, per square centimeter",104926.0,1946.7278491645986,1398.804264811392,28.145874863214072,57491430.01184457,Low,0,0,None,28.1,
Q4279,"Vendaje ac, per square centimeter",6769.0,2352.5279953,1697.4816709,27.844358311938684,4434008.5698636,Low,0,0,None,27.8,
Q4297,"Emerge matrix, per square centimeter",7510.0,2391.4850666086554,1727.8777257342208,27.748755371301172,4983691.129967004,Low,0,0,None,27.7,
Q4299,"Amnicore pro+, per square centimeter",117689.0,2609.5727795,1885.7208424,27.738331070371274,85189410.62536187,Low,0,0,None,27.7,
Q4225,"Amniobind or dermabind tl, per square centimeter",16203.0,1622.4656298,1177.1253688,27.448363331733365,7215848.248983001,Low,0,0,None,27.4,
Q4193,"Coll-e-derm, per square centimeter",14664.0,2226.9357685,1617.3467642,27.373443496783096,8939013.1590552,Low,0,0,None,27.4,
Q4296,"Rebound matrix, per square centimeter",16428.0,2447.8899416,1784.9698825,27.081285307569807,10890450.730894798,Low,0,0,None,27.1,
Q4303,"Complete aa, per square centimeter",70602.0,3589.370697857882,2628.2734810697207,26.776203900080294,67855385.69967777,Low,0,0,None,26.8,
Q4262,"Dual layer impax membrane, per square centimeter",290945.0,1179.7535264862242,871.2467691466344,26.150102577649907,89758498.51416697,Low,0,0,None,26.2,
Q4204,"Xwrap, per square centimeter",58447.0,3007.7049477315104,2237.161201055163,25.61899388626905,45035970.36199248,Low,0,0,None,25.6,
Q4290,"Membrane wrap-hydro, per square centimeter",162100.5,2027.0328607,1514.1961404,25.299872056484606,83131088.77899012,Low,0,0,None,25.3,
Q4238,"Derm-maxx, per square centimeter",177822.0,1205.9070318,914.92641046,24.129606484313054,51742756.04792146,Low,0,0,None,24.1,
90682,"Influenza vaccine, quadrivalent derived from recombinant dna",4026.0,82.718204173,63.678845007,23.01713311640611,76652.46000231602,Low,0,0,None,23.0,
90694,"Influenza vaccine, quadrivalent inactivated, 0.5 ml dosage",163577.0,96.2722995893071,74.4673134978641,22.649283526478538,3566794.2098799716,Low,0,0,None,22.6,
J0751,"Emtricitabine 200mg and tenofovir alafenamide 25mg, oral, fda approved prescription, only for use as hiv pre-exposure prophylaxis (not for use as treatment of hiv)",9570.0,77.615085684,63.46664158800001,18.228987279101368,135400.60999871985,Low,0,0,None,18.2,
90662,"Influenza vaccine split virus, preservative free",6668924.0,98.08169755097971,80.7438511915287,17.676943601469937,115624779.69485545,Low,0,0,None,17.7,
90653,"Influenza vaccine, inactivated",3580452.5,98.3072760884608,81.31148243148012,17.28843920127254,60852631.88862062,Low,0,0,None,17.3,
90673,"Influenza vaccine, trivalent derived from recombinant dna",257701.0,90.08315617666082,76.1389067951501,15.479308200708292,3593447.009864693,Low,0,0,None,15.5,
91320,Sarscv2 vac 30mcg trs-suc im,4598195.0,164.4149551074482,147.11362629641636,10.522965383364982,79554883.6322426,Low,0,0,None,10.5,
91322,Sarscov2 vac 50 mcg/0.5ml im,3749142.0,171.81194992551676,153.82869560131138,10.466823950255733,67421774.08355999,Low,0,0,None,10.5,
90684,Pcv21 vaccine im,33269.0,343.20536325,319.18437524,6.99901300566287,799154.2501046899,Low,0,0,None,7.0,
91304,"Severe acute respiratory syndrome coronavirus 2 (covid-19) vaccine, recombinant spike protein nanoparticle, saponin-based adjuvant, preservative free, 5 mcg/0.5ml dosage, for intramuscular use",123591.0,167.95882783,156.59233917,6.767425569023744,1404795.6999780585,Low,0,0,None,6.8,
